health,age,sex,educ,sexornt,partyid,race,married,income
excellent,53,male,16,heterosexual or straight,rep,white,1,18750.0
excellent,26,female,16,heterosexual or straight,rep,white,1,18750.0
good,59,male,13,heterosexual or straight,rep,white,1,
excellent,74,female,17,heterosexual or straight,other,white,1,
poor,37,female,10,heterosexual or straight,other,white,0,
excellent,30,female,15,heterosexual or straight,other,other,1,18750.0
fair,43,female,5,heterosexual or straight,other,other,1,
poor,56,male,11,heterosexual or straight,other,white,0,
good,69,male,8,heterosexual or straight,other,white,1,
excellent,30,female,14,heterosexual or straight,other,black,1,16250.0
good,42,female,11,heterosexual or straight,dem,white,1,
excellent,38,male,14,heterosexual or straight,dem,other,0,
good,38,female,15,heterosexual or straight,dem,white,0,18750.0
excellent,28,female,18,heterosexual or straight,dem,black,0,
good,35,male,13,heterosexual or straight,other,white,1,16250.0
good,50,male,15,heterosexual or straight,dem,white,1,18750.0
excellent,54,male,16,heterosexual or straight,dem,white,1,18750.0
good,61,female,16,heterosexual or straight,dem,white,1,18750.0
good,54,female,16,heterosexual or straight,rep,white,0,
good,37,female,12,dont know,other,black,1,16250.0
good,38,female,11,heterosexual or straight,other,other,0,9000.0
fair,69,female,10,heterosexual or straight,rep,white,1,
good,35,male,16,heterosexual or straight,dem,white,1,18750.0
good,61,female,17,heterosexual or straight,rep,white,1,
poor,59,male,11,heterosexual or straight,other,white,0,
excellent,50,female,16,heterosexual or straight,rep,white,1,18750.0
good,43,female,12,heterosexual or straight,dem,black,0,18750.0
excellent,30,male,15,heterosexual or straight,rep,white,0,18750.0
excellent,59,male,11,heterosexual or straight,dem,white,1,18750.0
good,32,female,15,heterosexual or straight,dem,white,1,18750.0
excellent,32,male,14,bisexual,dem,other,1,18750.0
fair,42,male,16,heterosexual or straight,dem,white,1,18750.0
good,29,male,14,heterosexual or straight,dem,other,1,18750.0
good,51,male,18,heterosexual or straight,rep,other,1,18750.0
excellent,24,female,17,heterosexual or straight,dem,black,0,2000.0
fair,63,female,15,bisexual,rep,white,1,
good,44,female,18,heterosexual or straight,dem,white,0,18750.0
excellent,43,female,16,heterosexual or straight,dem,other,1,
good,51,male,16,homosexual or gay,dem,white,0,16250.0
good,47,female,20,heterosexual or straight,dem,other,1,18750.0
excellent,47,female,16,heterosexual or straight,dem,other,0,18750.0
good,34,male,20,heterosexual or straight,other,other,1,18750.0
excellent,69,male,16,heterosexual or straight,dem,white,1,18750.0
excellent,65,female,16,heterosexual or straight,rep,white,1,18750.0
good,24,male,16,heterosexual or straight,rep,white,0,
fair,32,male,12,heterosexual or straight,rep,white,0,16250.0
good,66,female,20,heterosexual or straight,dem,white,1,18750.0
fair,39,female,20,heterosexual or straight,dem,white,1,18750.0
good,41,female,18,heterosexual or straight,other,other,1,
excellent,54,male,16,heterosexual or straight,dem,white,1,18750.0
good,58,female,16,heterosexual or straight,dem,white,1,18750.0
poor,43,male,12,heterosexual or straight,other,other,1,
poor,55,female,6,heterosexual or straight,dem,other,0,
good,40,female,10,heterosexual or straight,dem,other,0,
poor,35,female,11,heterosexual or straight,dem,black,1,
poor,43,male,10,heterosexual or straight,other,other,1,
good,36,female,10,heterosexual or straight,dem,black,0,
excellent,41,male,16,heterosexual or straight,dem,black,1,18750.0
good,25,male,12,heterosexual or straight,dem,white,0,18750.0
good,48,female,14,heterosexual or straight,other,black,0,18750.0
excellent,27,female,16,heterosexual or straight,dem,black,1,18750.0
good,26,female,14,heterosexual or straight,dem,black,0,18750.0
good,28,female,13,heterosexual or straight,dem,other,1,
good,37,female,12,heterosexual or straight,dem,black,0,13750.0
excellent,23,male,16,heterosexual or straight,other,black,0,
fair,28,male,12,heterosexual or straight,dem,other,0,16250.0
good,60,female,16,heterosexual or straight,dem,white,1,
excellent,30,male,16,heterosexual or straight,dem,other,0,18750.0
excellent,58,female,16,homosexual or gay,dem,white,0,18750.0
excellent,41,male,16,heterosexual or straight,dem,white,0,
excellent,61,female,18,heterosexual or straight,dem,white,0,
excellent,56,female,16,heterosexual or straight,dem,white,0,16250.0
good,32,male,14,heterosexual or straight,dem,white,0,18750.0
fair,68,female,19,heterosexual or straight,other,white,1,
good,38,male,20,heterosexual or straight,rep,other,1,18750.0
good,77,male,17,heterosexual or straight,dem,black,1,
good,47,male,13,heterosexual or straight,dem,black,1,16250.0
excellent,54,female,14,heterosexual or straight,dem,black,1,18750.0
excellent,64,female,18,heterosexual or straight,dem,black,1,18750.0
excellent,30,female,20,heterosexual or straight,dem,white,0,18750.0
good,61,male,20,heterosexual or straight,rep,white,1,18750.0
excellent,63,male,16,heterosexual or straight,other,white,0,
good,40,male,20,heterosexual or straight,rep,white,1,18750.0
good,55,male,12,heterosexual or straight,other,white,1,18750.0
excellent,38,female,17,heterosexual or straight,dem,white,1,18750.0
excellent,45,female,18,heterosexual or straight,dem,white,1,
excellent,74,female,16,heterosexual or straight,other,white,1,11250.0
good,54,male,14,heterosexual or straight,other,white,1,18750.0
excellent,23,male,13,heterosexual or straight,other,black,0,6500.0
fair,48,male,14,heterosexual or straight,rep,white,1,18750.0
poor,46,male,12,homosexual or gay,rep,white,0,
fair,51,male,6,heterosexual or straight,dem,other,1,18750.0
good,54,male,10,heterosexual or straight,dem,other,1,18750.0
excellent,75,female,18,heterosexual or straight,dem,white,1,
excellent,63,female,13,heterosexual or straight,dem,white,1,18750.0
fair,50,female,14,heterosexual or straight,other,white,1,
fair,59,female,16,heterosexual or straight,dem,black,1,500.0
good,45,female,20,heterosexual or straight,dem,white,0,18750.0
good,55,male,14,heterosexual or straight,rep,white,1,18750.0
poor,62,female,17,heterosexual or straight,rep,white,1,
fair,77,female,12,heterosexual or straight,other,white,1,
good,46,male,16,heterosexual or straight,dem,white,0,18750.0
excellent,59,male,15,heterosexual or straight,other,white,1,
fair,20,female,12,heterosexual or straight,dem,black,0,3500.0
good,63,male,18,heterosexual or straight,dem,white,1,18750.0
fair,71,female,16,heterosexual or straight,rep,white,1,11250.0
good,26,female,12,heterosexual or straight,other,white,1,
fair,46,male,12,heterosexual or straight,dem,white,0,3500.0
fair,56,female,3,heterosexual or straight,other,white,0,
fair,45,female,14,heterosexual or straight,dem,other,1,18750.0
poor,48,male,16,heterosexual or straight,dem,black,1,18750.0
excellent,31,male,14,heterosexual or straight,rep,black,0,18750.0
excellent,37,male,16,heterosexual or straight,dem,black,0,18750.0
good,26,female,12,heterosexual or straight,dem,white,0,
fair,54,female,10,heterosexual or straight,dem,white,1,6500.0
good,79,female,12,heterosexual or straight,rep,white,1,
fair,41,male,12,heterosexual or straight,rep,white,1,18750.0
good,63,male,12,heterosexual or straight,rep,white,1,
fair,25,male,13,heterosexual or straight,dem,black,0,11250.0
poor,34,female,5,heterosexual or straight,dem,black,0,
good,46,male,16,heterosexual or straight,dem,other,1,18750.0
good,34,female,11,heterosexual or straight,dem,other,1,18750.0
poor,22,female,11,heterosexual or straight,other,white,0,
excellent,19,male,12,heterosexual or straight,other,black,0,
good,46,male,16,heterosexual or straight,dem,other,1,18750.0
good,41,female,14,heterosexual or straight,dem,white,1,18750.0
good,29,male,12,heterosexual or straight,other,white,1,
excellent,56,male,16,heterosexual or straight,rep,white,1,13750.0
good,61,male,17,heterosexual or straight,dem,white,1,18750.0
poor,78,female,13,heterosexual or straight,dem,black,1,
good,43,male,12,heterosexual or straight,other,white,1,11250.0
good,59,male,12,heterosexual or straight,dem,white,0,
excellent,37,male,14,heterosexual or straight,dem,white,1,
excellent,41,female,16,heterosexual or straight,dem,white,1,18750.0
excellent,59,female,16,heterosexual or straight,dem,white,1,
good,23,female,15,heterosexual or straight,other,white,0,13750.0
excellent,30,female,16,heterosexual or straight,dem,white,0,13750.0
poor,75,female,10,heterosexual or straight,rep,white,1,
excellent,46,female,5,heterosexual or straight,dem,white,0,
good,19,male,12,heterosexual or straight,other,white,0,
fair,58,male,2,heterosexual or straight,dem,other,1,18750.0
good,75,female,16,heterosexual or straight,rep,other,1,
good,41,female,12,heterosexual or straight,other,other,0,16250.0
good,72,male,16,heterosexual or straight,rep,white,1,18750.0
good,66,female,14,heterosexual or straight,dem,white,1,
excellent,45,female,12,heterosexual or straight,rep,white,1,
fair,42,female,11,heterosexual or straight,dem,black,0,
good,25,female,10,heterosexual or straight,other,other,1,11250.0
fair,59,female,11,heterosexual or straight,dem,white,1,
good,80,female,11,heterosexual or straight,rep,white,1,
good,43,male,18,heterosexual or straight,rep,white,1,18750.0
fair,81,male,16,heterosexual or straight,rep,white,1,
fair,48,male,12,heterosexual or straight,dem,black,1,18750.0
fair,48,female,12,heterosexual or straight,dem,other,0,18750.0
good,57,male,13,heterosexual or straight,dem,black,1,
good,29,female,14,heterosexual or straight,dem,white,0,13750.0
excellent,50,female,14,heterosexual or straight,dem,black,1,18750.0
good,32,male,19,heterosexual or straight,dem,white,1,18750.0
good,26,female,12,bisexual,dem,white,1,18750.0
excellent,39,female,10,heterosexual or straight,other,other,1,16250.0
good,20,male,14,heterosexual or straight,dem,white,0,13750.0
good,39,female,15,heterosexual or straight,rep,white,1,2000.0
fair,57,female,12,heterosexual or straight,dem,white,1,4500.0
poor,81,female,10,heterosexual or straight,rep,white,1,
good,31,male,10,heterosexual or straight,rep,white,0,18750.0
excellent,31,female,15,heterosexual or straight,other,white,1,16250.0
excellent,61,male,12,heterosexual or straight,dem,other,1,
good,84,male,19,heterosexual or straight,rep,white,0,
excellent,54,female,16,heterosexual or straight,dem,white,1,
good,84,female,16,heterosexual or straight,other,white,1,
fair,65,male,16,heterosexual or straight,dem,white,1,18750.0
excellent,34,female,19,heterosexual or straight,dem,black,1,18750.0
poor,78,female,8,heterosexual or straight,dem,white,1,
fair,73,female,11,heterosexual or straight,dem,white,1,
excellent,25,female,15,heterosexual or straight,dem,white,0,18750.0
excellent,30,female,20,heterosexual or straight,other,white,1,18750.0
good,40,female,12,heterosexual or straight,dem,black,1,18750.0
excellent,25,male,12,homosexual or gay,other,black,0,7500.0
good,55,male,20,heterosexual or straight,dem,other,1,18750.0
good,19,female,11,bisexual,dem,other,0,
fair,31,female,10,heterosexual or straight,rep,other,0,9000.0
excellent,70,female,17,heterosexual or straight,dem,white,1,
good,50,female,12,heterosexual or straight,other,other,1,
good,36,female,9,heterosexual or straight,dem,white,1,16250.0
good,34,female,15,heterosexual or straight,dem,other,1,16250.0
good,19,female,12,bisexual,dem,other,0,500.0
good,39,female,12,heterosexual or straight,other,other,1,
good,66,male,15,heterosexual or straight,dem,other,1,18750.0
excellent,73,female,19,heterosexual or straight,dem,white,1,
excellent,74,female,10,heterosexual or straight,rep,white,1,
good,36,female,6,heterosexual or straight,rep,other,1,
good,23,male,10,heterosexual or straight,dem,black,0,
good,64,female,18,heterosexual or straight,rep,white,1,13750.0
good,39,female,18,heterosexual or straight,dem,other,0,3500.0
good,74,male,16,heterosexual or straight,dem,white,1,
good,45,female,17,heterosexual or straight,other,white,1,18750.0
fair,69,female,12,heterosexual or straight,rep,white,1,
excellent,42,female,20,heterosexual or straight,dem,white,1,18750.0
excellent,70,male,18,heterosexual or straight,rep,white,1,11250.0
good,53,female,13,heterosexual or straight,other,white,1,16250.0
good,29,male,18,heterosexual or straight,dem,white,1,18750.0
fair,28,male,13,heterosexual or straight,dem,other,0,500.0
good,50,female,16,heterosexual or straight,dem,white,1,11250.0
good,57,female,12,heterosexual or straight,rep,white,1,18750.0
fair,32,female,17,homosexual or gay,dem,white,1,18750.0
excellent,30,female,16,heterosexual or straight,rep,white,0,18750.0
excellent,49,male,16,heterosexual or straight,rep,white,1,18750.0
good,24,female,16,heterosexual or straight,other,white,0,
excellent,49,female,16,heterosexual or straight,rep,white,1,18750.0
good,67,male,20,heterosexual or straight,dem,other,1,18750.0
excellent,69,female,16,heterosexual or straight,rep,white,1,
good,65,male,15,heterosexual or straight,dem,white,1,18750.0
good,52,male,12,heterosexual or straight,rep,white,1,18750.0
good,60,male,13,heterosexual or straight,dem,white,1,18750.0
excellent,36,female,18,heterosexual or straight,rep,white,1,18750.0
excellent,23,male,14,homosexual or gay,dem,black,0,
fair,19,male,10,heterosexual or straight,dem,white,0,18750.0
fair,57,male,20,heterosexual or straight,rep,white,1,18750.0
good,33,male,12,heterosexual or straight,other,other,1,18750.0
good,38,female,15,heterosexual or straight,dem,black,0,18750.0
good,23,male,11,bisexual,dem,white,0,3500.0
good,55,male,12,heterosexual or straight,dem,black,1,18750.0
good,22,female,14,bisexual,dem,black,0,18750.0
good,55,female,14,heterosexual or straight,dem,black,1,
excellent,65,female,12,heterosexual or straight,other,white,1,
good,64,female,16,heterosexual or straight,dem,white,0,
fair,41,female,12,heterosexual or straight,dem,white,1,18750.0
excellent,58,male,12,heterosexual or straight,rep,white,1,18750.0
good,52,female,14,heterosexual or straight,dem,white,1,18750.0
excellent,70,male,16,heterosexual or straight,dem,white,1,18750.0
excellent,31,female,16,heterosexual or straight,other,white,1,18750.0
excellent,35,male,19,heterosexual or straight,dem,white,1,18750.0
excellent,72,female,13,heterosexual or straight,dem,white,0,16250.0
good,77,female,12,heterosexual or straight,rep,white,1,
good,37,female,16,heterosexual or straight,dem,black,1,16250.0
excellent,35,female,17,heterosexual or straight,dem,white,1,18750.0
good,62,female,13,heterosexual or straight,dem,black,1,18750.0
good,70,male,16,heterosexual or straight,rep,white,1,5500.0
good,57,female,20,heterosexual or straight,dem,other,1,18750.0
good,55,male,20,heterosexual or straight,rep,white,0,
good,39,male,15,heterosexual or straight,rep,black,1,
good,52,male,15,heterosexual or straight,dem,black,1,
poor,42,male,9,heterosexual or straight,dem,white,1,16250.0
fair,25,male,16,heterosexual or straight,dem,black,0,7500.0
fair,42,female,12,heterosexual or straight,other,black,0,13750.0
excellent,46,female,5,heterosexual or straight,rep,black,1,
fair,89,female,12,heterosexual or straight,dem,white,1,
poor,18,female,11,heterosexual or straight,dem,black,0,
good,41,male,11,heterosexual or straight,rep,white,1,18750.0
excellent,56,male,18,homosexual or gay,rep,white,1,18750.0
good,45,male,12,heterosexual or straight,rep,white,1,11250.0
excellent,25,female,16,heterosexual or straight,dem,white,0,18750.0
good,24,male,16,heterosexual or straight,dem,white,0,18750.0
excellent,25,female,16,heterosexual or straight,dem,other,0,500.0
excellent,36,male,20,heterosexual or straight,dem,white,1,3500.0
fair,65,male,12,heterosexual or straight,dem,white,0,18750.0
good,44,male,17,heterosexual or straight,rep,white,0,18750.0
good,59,male,20,heterosexual or straight,dem,white,1,18750.0
excellent,65,male,17,heterosexual or straight,dem,white,1,18750.0
good,41,female,17,heterosexual or straight,dem,white,1,
good,66,male,16,heterosexual or straight,dem,white,0,
good,31,male,19,heterosexual or straight,dem,black,1,
good,32,male,20,heterosexual or straight,dem,white,1,16250.0
good,28,male,16,heterosexual or straight,dem,white,1,18750.0
good,29,female,12,heterosexual or straight,dem,black,1,13750.0
excellent,71,male,18,heterosexual or straight,rep,white,1,
fair,44,female,16,heterosexual or straight,other,white,1,18750.0
good,31,male,10,heterosexual or straight,other,white,0,
poor,65,male,13,heterosexual or straight,dem,white,1,
excellent,72,male,17,heterosexual or straight,rep,white,1,
good,45,female,18,heterosexual or straight,rep,white,1,13750.0
good,23,male,11,heterosexual or straight,dem,white,0,
excellent,55,male,10,heterosexual or straight,dem,black,1,
good,74,female,12,heterosexual or straight,dem,white,1,9000.0
good,60,male,12,heterosexual or straight,dem,other,1,11250.0
good,38,male,9,heterosexual or straight,dem,white,0,
good,55,female,15,heterosexual or straight,other,white,1,16250.0
good,28,male,16,heterosexual or straight,dem,white,0,18750.0
excellent,24,female,17,heterosexual or straight,dem,white,0,18750.0
fair,53,female,14,heterosexual or straight,dem,white,1,
good,40,female,14,heterosexual or straight,rep,white,1,18750.0
good,55,female,16,heterosexual or straight,other,white,1,18750.0
good,70,male,12,heterosexual or straight,other,white,1,
good,63,male,13,heterosexual or straight,dem,white,1,18750.0
good,69,female,16,heterosexual or straight,rep,white,1,
good,38,male,17,heterosexual or straight,dem,white,1,18750.0
fair,63,male,16,dont know,other,white,0,
good,43,male,19,heterosexual or straight,rep,white,1,
good,31,male,12,heterosexual or straight,other,white,0,18750.0
excellent,54,female,18,heterosexual or straight,dem,white,1,18750.0
good,38,male,16,heterosexual or straight,dem,white,1,18750.0
good,47,female,18,heterosexual or straight,dem,white,1,18750.0
fair,54,female,16,heterosexual or straight,dem,other,1,
excellent,25,male,16,heterosexual or straight,dem,white,0,18750.0
fair,54,female,18,heterosexual or straight,dem,white,1,
good,57,female,18,heterosexual or straight,dem,white,1,18750.0
fair,66,male,12,heterosexual or straight,dem,white,0,18750.0
good,69,male,12,heterosexual or straight,dem,white,1,
good,50,female,17,heterosexual or straight,other,other,1,18750.0
fair,65,female,13,heterosexual or straight,other,other,1,18750.0
good,74,male,19,heterosexual or straight,dem,white,1,18750.0
good,68,male,16,heterosexual or straight,rep,white,1,
excellent,65,male,18,heterosexual or straight,rep,white,1,18750.0
good,54,male,16,heterosexual or straight,dem,white,1,18750.0
good,40,female,16,heterosexual or straight,rep,other,1,
good,71,male,16,heterosexual or straight,rep,other,1,18750.0
excellent,58,female,16,heterosexual or straight,dem,other,1,18750.0
excellent,37,female,15,heterosexual or straight,other,black,1,18750.0
good,51,female,15,heterosexual or straight,dem,black,1,
excellent,34,female,13,heterosexual or straight,dem,black,0,18750.0
good,69,female,16,homosexual or gay,other,white,0,18750.0
excellent,68,female,14,heterosexual or straight,dem,black,1,11250.0
good,32,male,13,heterosexual or straight,dem,black,1,18750.0
good,74,female,12,heterosexual or straight,rep,white,1,
good,37,female,16,heterosexual or straight,dem,black,0,18750.0
fair,50,male,14,heterosexual or straight,dem,white,1,
good,63,male,12,heterosexual or straight,dem,white,1,16250.0
fair,50,male,10,heterosexual or straight,other,white,1,18750.0
fair,21,male,12,heterosexual or straight,dem,other,0,18750.0
excellent,40,male,12,bisexual,dem,other,1,18750.0
fair,28,male,17,heterosexual or straight,dem,white,0,18750.0
fair,41,female,6,heterosexual or straight,other,white,0,13750.0
fair,29,male,18,heterosexual or straight,rep,other,1,18750.0
fair,22,male,11,heterosexual or straight,dem,white,0,
good,33,female,12,heterosexual or straight,rep,other,1,500.0
good,42,female,17,heterosexual or straight,dem,white,0,18750.0
excellent,29,male,16,homosexual or gay,dem,white,0,18750.0
excellent,44,male,20,heterosexual or straight,dem,white,1,18750.0
excellent,30,female,16,heterosexual or straight,other,white,1,18750.0
good,37,female,15,bisexual,other,white,1,11250.0
good,70,male,16,heterosexual or straight,dem,white,1,
excellent,64,female,16,heterosexual or straight,rep,white,1,9000.0
excellent,50,male,17,heterosexual or straight,dem,white,1,
excellent,38,female,16,heterosexual or straight,rep,other,1,18750.0
poor,77,female,16,heterosexual or straight,dem,other,1,
excellent,49,female,12,heterosexual or straight,other,other,1,18750.0
fair,49,female,14,heterosexual or straight,rep,white,1,500.0
fair,64,female,12,heterosexual or straight,other,white,1,
good,49,female,16,heterosexual or straight,other,white,1,18750.0
good,68,female,13,heterosexual or straight,rep,white,1,13750.0
good,53,male,12,heterosexual or straight,rep,white,1,18750.0
excellent,30,female,16,heterosexual or straight,rep,white,1,18750.0
excellent,44,female,16,heterosexual or straight,rep,white,1,
excellent,56,male,14,heterosexual or straight,other,black,1,13750.0
excellent,31,female,13,bisexual,other,black,1,6500.0
good,55,female,12,heterosexual or straight,other,black,0,18750.0
fair,54,male,14,heterosexual or straight,rep,other,1,13750.0
good,53,female,16,heterosexual or straight,dem,black,1,
good,72,female,20,heterosexual or straight,dem,white,1,
excellent,70,male,12,heterosexual or straight,dem,white,0,
good,54,female,16,heterosexual or straight,rep,white,1,18750.0
fair,70,female,13,heterosexual or straight,rep,white,1,13750.0
excellent,47,male,12,heterosexual or straight,dem,black,1,18750.0
excellent,47,male,16,heterosexual or straight,rep,white,1,18750.0
good,33,male,14,heterosexual or straight,dem,white,1,
fair,47,male,13,heterosexual or straight,dem,black,1,3500.0
good,40,female,17,heterosexual or straight,dem,white,0,
good,42,female,15,bisexual,dem,black,1,13750.0
fair,56,female,20,dont know,rep,white,1,18750.0
fair,66,male,15,heterosexual or straight,rep,white,1,
fair,18,female,12,heterosexual or straight,rep,white,0,
poor,58,female,13,heterosexual or straight,other,white,1,
excellent,76,female,14,heterosexual or straight,other,white,1,
good,66,male,16,heterosexual or straight,dem,black,1,
good,62,female,15,heterosexual or straight,rep,white,1,18750.0
excellent,83,female,20,heterosexual or straight,dem,white,1,
excellent,66,male,16,homosexual or gay,dem,white,1,16250.0
good,61,female,12,heterosexual or straight,rep,white,1,
excellent,57,male,16,heterosexual or straight,rep,white,1,18750.0
good,58,male,15,heterosexual or straight,rep,white,1,18750.0
excellent,29,male,16,heterosexual or straight,dem,other,1,18750.0
excellent,36,male,16,heterosexual or straight,dem,white,1,18750.0
excellent,43,female,16,heterosexual or straight,rep,white,1,
good,26,male,12,heterosexual or straight,rep,white,0,18750.0
excellent,71,female,12,heterosexual or straight,rep,white,1,
fair,67,male,17,heterosexual or straight,rep,white,1,
fair,31,female,16,heterosexual or straight,other,other,1,
good,40,male,16,heterosexual or straight,other,other,1,
fair,70,female,12,heterosexual or straight,dem,white,1,16250.0
excellent,62,female,14,heterosexual or straight,rep,white,1,
excellent,21,female,14,bisexual,dem,white,0,13750.0
good,41,male,13,heterosexual or straight,dem,white,0,18750.0
fair,76,female,10,heterosexual or straight,dem,black,1,
good,30,male,13,heterosexual or straight,rep,white,0,6500.0
fair,55,female,13,heterosexual or straight,dem,black,1,
good,26,female,14,heterosexual or straight,dem,black,0,11250.0
fair,49,female,11,heterosexual or straight,dem,black,1,4500.0
good,50,female,13,heterosexual or straight,dem,white,0,
good,31,female,13,heterosexual or straight,rep,white,1,
good,37,female,17,heterosexual or straight,dem,black,0,18750.0
good,46,female,12,heterosexual or straight,dem,black,1,18750.0
poor,40,female,19,heterosexual or straight,dem,white,0,18750.0
good,25,female,13,heterosexual or straight,dem,black,0,11250.0
excellent,51,male,12,heterosexual or straight,other,other,1,18750.0
fair,57,male,15,heterosexual or straight,dem,white,1,18750.0
good,79,female,14,heterosexual or straight,dem,black,1,13750.0
good,24,female,13,heterosexual or straight,other,black,0,11250.0
good,62,female,12,heterosexual or straight,dem,black,1,18750.0
good,64,female,16,heterosexual or straight,other,black,1,
fair,54,male,12,heterosexual or straight,dem,black,0,18750.0
good,79,male,11,heterosexual or straight,other,white,1,
good,27,female,12,heterosexual or straight,dem,black,1,6500.0
excellent,36,male,16,heterosexual or straight,rep,white,0,18750.0
good,59,female,12,heterosexual or straight,other,white,1,18750.0
good,63,male,13,heterosexual or straight,rep,white,1,
fair,36,female,18,heterosexual or straight,dem,black,1,18750.0
fair,32,female,13,heterosexual or straight,dem,white,1,
excellent,47,female,12,bisexual,other,white,1,
excellent,32,female,14,heterosexual or straight,dem,other,1,18750.0
good,57,male,12,heterosexual or straight,dem,white,1,18750.0
good,60,male,12,heterosexual or straight,other,white,1,18750.0
good,47,female,20,heterosexual or straight,rep,white,1,13750.0
good,67,female,20,heterosexual or straight,rep,white,1,
good,65,male,18,bisexual,dem,white,1,18750.0
poor,61,female,16,heterosexual or straight,rep,white,1,500.0
good,80,male,14,heterosexual or straight,rep,white,1,
good,26,female,14,heterosexual or straight,other,white,0,16250.0
excellent,33,female,16,heterosexual or straight,rep,white,0,18750.0
fair,34,female,16,heterosexual or straight,other,white,0,18750.0
excellent,39,male,20,homosexual or gay,dem,black,0,18750.0
fair,70,female,12,heterosexual or straight,dem,black,1,
good,40,female,14,heterosexual or straight,dem,black,0,16250.0
good,48,male,14,heterosexual or straight,rep,white,1,18750.0
good,57,male,12,heterosexual or straight,dem,white,1,18750.0
good,53,male,11,heterosexual or straight,rep,white,1,18750.0
good,30,female,15,heterosexual or straight,rep,white,1,2000.0
fair,59,female,10,heterosexual or straight,other,white,1,
fair,88,female,12,heterosexual or straight,rep,white,1,
good,61,male,16,heterosexual or straight,dem,black,1,18750.0
fair,27,female,6,heterosexual or straight,other,white,0,
excellent,27,female,12,heterosexual or straight,dem,black,0,9000.0
good,21,male,12,heterosexual or straight,dem,black,0,11250.0
poor,59,female,8,heterosexual or straight,other,black,1,
fair,32,male,13,heterosexual or straight,dem,black,1,3500.0
good,37,male,6,heterosexual or straight,other,other,1,18750.0
good,37,male,15,heterosexual or straight,dem,white,0,16250.0
poor,40,male,18,heterosexual or straight,dem,white,0,
excellent,26,female,12,heterosexual or straight,dem,white,1,
excellent,53,female,16,heterosexual or straight,dem,black,1,18750.0
good,53,male,16,heterosexual or straight,rep,white,1,18750.0
excellent,58,female,20,heterosexual or straight,dem,black,1,18750.0
fair,52,female,10,heterosexual or straight,rep,white,1,
fair,48,female,12,heterosexual or straight,rep,white,1,18750.0
good,62,female,12,heterosexual or straight,other,white,1,
excellent,26,female,12,heterosexual or straight,rep,white,0,18750.0
good,38,female,18,heterosexual or straight,dem,black,1,18750.0
good,28,female,12,heterosexual or straight,rep,black,0,
good,29,male,12,heterosexual or straight,other,white,1,
good,32,female,14,heterosexual or straight,dem,black,1,18750.0
excellent,48,female,20,heterosexual or straight,rep,white,1,18750.0
good,53,male,12,heterosexual or straight,dem,white,1,11250.0
good,45,male,11,heterosexual or straight,other,white,1,13750.0
excellent,32,female,20,heterosexual or straight,rep,white,1,16250.0
excellent,25,female,12,heterosexual or straight,dem,black,0,
fair,55,male,12,heterosexual or straight,dem,black,0,
poor,78,male,14,heterosexual or straight,dem,black,1,
excellent,54,male,14,heterosexual or straight,dem,black,1,18750.0
good,20,male,12,heterosexual or straight,dem,black,0,3500.0
fair,72,female,8,heterosexual or straight,rep,white,1,
excellent,50,female,12,heterosexual or straight,other,white,1,16250.0
fair,79,male,12,heterosexual or straight,dem,white,1,
poor,75,female,12,heterosexual or straight,other,other,1,
good,53,female,12,heterosexual or straight,other,white,1,11250.0
fair,47,male,12,heterosexual or straight,dem,white,1,18750.0
excellent,75,male,12,heterosexual or straight,dem,black,1,18750.0
good,48,female,12,heterosexual or straight,dem,white,1,
good,63,female,16,heterosexual or straight,dem,black,1,11250.0
excellent,43,male,16,heterosexual or straight,rep,white,1,18750.0
excellent,40,male,20,heterosexual or straight,dem,white,1,18750.0
excellent,24,female,13,heterosexual or straight,dem,black,0,4500.0
good,18,female,13,heterosexual or straight,dem,black,0,
good,33,male,13,heterosexual or straight,rep,white,0,18750.0
good,42,male,12,heterosexual or straight,rep,white,1,18750.0
fair,35,male,3,heterosexual or straight,other,other,1,16250.0
excellent,40,female,12,heterosexual or straight,dem,white,1,
excellent,35,male,20,bisexual,dem,white,0,18750.0
poor,66,male,13,heterosexual or straight,dem,black,1,500.0
fair,49,male,13,heterosexual or straight,rep,black,1,18750.0
excellent,30,female,12,heterosexual or straight,dem,black,0,5500.0
good,73,male,11,heterosexual or straight,dem,black,0,
fair,56,female,10,heterosexual or straight,dem,black,0,
good,26,male,15,heterosexual or straight,rep,black,0,5500.0
good,26,female,16,heterosexual or straight,dem,black,1,18750.0
good,20,male,12,heterosexual or straight,other,white,0,
good,51,female,13,heterosexual or straight,rep,white,1,18750.0
good,58,female,12,heterosexual or straight,dem,white,1,18750.0
good,86,female,12,heterosexual or straight,rep,white,1,
good,53,male,19,heterosexual or straight,rep,white,1,18750.0
good,37,male,19,heterosexual or straight,rep,white,1,18750.0
excellent,54,male,8,heterosexual or straight,dem,other,0,18750.0
good,37,female,16,heterosexual or straight,dem,black,0,
fair,63,male,12,heterosexual or straight,rep,white,1,
excellent,22,male,12,heterosexual or straight,other,white,0,2000.0
fair,69,male,14,heterosexual or straight,rep,white,1,
good,56,female,12,heterosexual or straight,dem,white,1,11250.0
good,25,male,12,heterosexual or straight,dem,black,0,
good,55,female,12,heterosexual or straight,dem,white,0,18750.0
poor,53,female,11,heterosexual or straight,dem,white,1,
fair,52,female,8,heterosexual or straight,rep,white,1,11250.0
fair,36,female,14,heterosexual or straight,dem,white,0,18750.0
good,31,female,16,heterosexual or straight,other,white,1,18750.0
fair,62,male,12,heterosexual or straight,other,white,1,
fair,58,male,16,homosexual or gay,dem,white,1,18750.0
good,25,male,12,heterosexual or straight,other,white,0,
good,23,female,13,heterosexual or straight,dem,black,0,16250.0
fair,20,male,11,heterosexual or straight,other,other,0,
excellent,19,female,14,heterosexual or straight,other,black,0,18750.0
excellent,73,female,14,heterosexual or straight,dem,white,1,
fair,73,female,16,heterosexual or straight,dem,white,0,
good,44,female,14,heterosexual or straight,dem,white,1,18750.0
good,67,female,17,heterosexual or straight,rep,white,1,18750.0
good,61,female,18,heterosexual or straight,dem,other,1,18750.0
excellent,39,female,14,heterosexual or straight,dem,other,1,16250.0
good,39,female,16,heterosexual or straight,dem,white,1,
fair,35,female,18,heterosexual or straight,dem,white,1,
poor,52,male,12,heterosexual or straight,rep,white,1,2000.0
good,28,female,15,heterosexual or straight,dem,white,1,5500.0
good,50,male,6,heterosexual or straight,other,white,0,
good,89,male,16,homosexual or gay,dem,white,1,
poor,62,female,6,heterosexual or straight,dem,white,1,
good,59,female,12,heterosexual or straight,dem,black,0,
excellent,29,female,19,heterosexual or straight,dem,white,1,16250.0
good,60,female,19,heterosexual or straight,dem,white,0,18750.0
good,29,female,18,heterosexual or straight,dem,white,0,18750.0
fair,53,male,15,heterosexual or straight,other,white,1,18750.0
good,52,male,20,heterosexual or straight,rep,white,1,18750.0
excellent,42,male,16,heterosexual or straight,rep,white,1,18750.0
good,38,female,10,heterosexual or straight,other,other,1,
good,31,male,13,heterosexual or straight,other,white,1,18750.0
good,34,male,17,heterosexual or straight,other,white,1,18750.0
poor,58,female,11,heterosexual or straight,other,white,1,13750.0
excellent,23,female,14,heterosexual or straight,dem,white,0,4500.0
fair,68,male,7,heterosexual or straight,dem,white,1,
fair,71,female,6,heterosexual or straight,dem,white,1,
fair,71,female,8,heterosexual or straight,other,white,1,
good,30,female,16,heterosexual or straight,rep,white,0,18750.0
good,28,female,14,heterosexual or straight,rep,white,0,18750.0
excellent,60,male,20,heterosexual or straight,rep,white,1,18750.0
good,37,male,12,heterosexual or straight,rep,white,0,18750.0
good,19,male,13,homosexual or gay,other,white,0,
good,43,female,16,heterosexual or straight,dem,black,0,18750.0
good,26,female,13,heterosexual or straight,other,white,0,16250.0
excellent,34,male,12,heterosexual or straight,other,black,1,18750.0
fair,38,female,17,heterosexual or straight,dem,white,0,
good,59,female,13,heterosexual or straight,rep,white,1,18750.0
good,28,male,12,heterosexual or straight,other,other,0,
excellent,32,female,14,heterosexual or straight,other,other,0,18750.0
excellent,65,female,13,heterosexual or straight,dem,other,1,16250.0
fair,27,male,8,heterosexual or straight,dem,other,0,
poor,51,female,19,heterosexual or straight,dem,other,0,
fair,44,female,8,heterosexual or straight,other,other,0,3500.0
good,44,male,12,heterosexual or straight,dem,other,0,5500.0
excellent,53,male,16,heterosexual or straight,rep,white,1,18750.0
good,60,male,12,heterosexual or straight,rep,white,1,16250.0
fair,54,female,8,heterosexual or straight,rep,other,1,
good,59,male,12,heterosexual or straight,dem,white,1,
good,37,male,14,heterosexual or straight,rep,white,0,18750.0
fair,60,female,20,heterosexual or straight,rep,white,0,18750.0
excellent,32,male,16,heterosexual or straight,other,white,1,18750.0
fair,63,male,13,heterosexual or straight,dem,white,1,
excellent,62,female,15,heterosexual or straight,other,white,1,
excellent,22,female,14,heterosexual or straight,dem,white,0,
good,24,male,12,heterosexual or straight,dem,white,1,11250.0
good,41,male,14,heterosexual or straight,rep,white,1,18750.0
excellent,71,female,18,heterosexual or straight,dem,white,1,
good,40,male,18,heterosexual or straight,dem,white,1,18750.0
good,44,female,14,heterosexual or straight,rep,white,1,
fair,53,male,16,heterosexual or straight,dem,white,1,18750.0
good,60,male,16,heterosexual or straight,rep,white,1,18750.0
good,29,female,12,heterosexual or straight,rep,white,1,18750.0
excellent,30,male,16,heterosexual or straight,dem,white,0,16250.0
good,40,male,12,heterosexual or straight,other,other,1,13750.0
excellent,29,male,16,heterosexual or straight,dem,white,0,18750.0
excellent,70,female,16,heterosexual or straight,dem,white,1,
fair,27,female,5,heterosexual or straight,dem,white,0,
excellent,78,female,16,heterosexual or straight,rep,white,1,
excellent,48,female,18,heterosexual or straight,rep,white,1,16250.0
excellent,64,male,16,heterosexual or straight,rep,white,1,7500.0
excellent,49,female,16,heterosexual or straight,rep,white,1,18750.0
good,83,female,14,heterosexual or straight,other,white,1,
fair,62,female,15,heterosexual or straight,dem,white,1,18750.0
good,18,male,12,heterosexual or straight,rep,white,0,
good,77,male,19,heterosexual or straight,other,white,0,
good,62,male,16,heterosexual or straight,rep,white,1,18750.0
good,56,female,14,heterosexual or straight,dem,white,1,18750.0
excellent,50,female,12,heterosexual or straight,dem,white,1,18750.0
good,23,female,16,bisexual,dem,white,0,3500.0
fair,66,female,16,heterosexual or straight,other,white,1,18750.0
good,67,male,20,heterosexual or straight,other,white,1,
good,49,male,14,heterosexual or straight,rep,white,0,18750.0
good,85,male,11,heterosexual or straight,dem,white,1,
fair,63,male,11,heterosexual or straight,dem,white,1,18750.0
good,39,female,16,heterosexual or straight,rep,white,1,5500.0
good,89,female,13,heterosexual or straight,rep,white,1,
good,72,male,15,heterosexual or straight,rep,white,0,
good,42,male,13,heterosexual or straight,dem,white,0,18750.0
excellent,89,female,12,heterosexual or straight,other,white,1,
good,84,female,13,heterosexual or straight,dem,white,1,
good,75,female,12,heterosexual or straight,rep,white,1,4500.0
good,75,male,9,heterosexual or straight,dem,black,0,
good,35,male,13,heterosexual or straight,other,white,0,18750.0
good,23,female,13,heterosexual or straight,dem,black,0,16250.0
good,21,male,12,heterosexual or straight,rep,white,0,5500.0
good,29,male,15,heterosexual or straight,dem,black,0,18750.0
fair,58,male,12,heterosexual or straight,other,black,0,11250.0
good,56,male,12,heterosexual or straight,other,white,1,16250.0
good,33,female,16,heterosexual or straight,other,white,1,16250.0
fair,72,female,11,heterosexual or straight,other,white,1,
good,36,male,12,heterosexual or straight,dem,white,0,16250.0
fair,29,female,12,heterosexual or straight,rep,white,1,
good,53,male,11,heterosexual or straight,rep,other,1,18750.0
good,51,female,14,heterosexual or straight,dem,black,1,18750.0
good,66,female,20,heterosexual or straight,dem,black,0,18750.0
good,50,female,13,heterosexual or straight,other,white,1,18750.0
poor,73,male,12,heterosexual or straight,dem,white,1,
fair,41,male,11,heterosexual or straight,dem,white,0,18750.0
good,59,female,12,heterosexual or straight,dem,white,1,
poor,34,female,0,heterosexual or straight,dem,other,1,
fair,47,male,18,heterosexual or straight,other,white,1,18750.0
poor,67,female,12,heterosexual or straight,rep,white,1,
excellent,48,female,18,heterosexual or straight,dem,white,1,18750.0
fair,60,male,12,heterosexual or straight,dem,white,1,
excellent,58,female,12,heterosexual or straight,other,white,1,18750.0
excellent,63,female,16,heterosexual or straight,other,white,1,
fair,57,female,13,heterosexual or straight,dem,white,1,11250.0
excellent,66,female,12,heterosexual or straight,dem,white,1,11250.0
poor,63,male,14,heterosexual or straight,rep,other,1,
good,26,male,16,heterosexual or straight,other,black,0,3500.0
excellent,67,male,18,heterosexual or straight,rep,white,1,
good,81,male,13,heterosexual or straight,rep,white,1,
good,78,female,16,heterosexual or straight,dem,white,1,
good,77,male,17,heterosexual or straight,rep,white,1,
excellent,62,male,18,heterosexual or straight,dem,other,1,18750.0
good,83,female,18,heterosexual or straight,rep,white,1,
fair,41,female,18,heterosexual or straight,rep,white,1,18750.0
excellent,44,male,17,homosexual or gay,dem,white,0,18750.0
good,26,male,13,heterosexual or straight,dem,white,0,
fair,72,female,16,heterosexual or straight,dem,black,1,
good,59,male,6,heterosexual or straight,other,other,1,11250.0
fair,77,female,12,heterosexual or straight,dem,black,1,
good,59,female,14,heterosexual or straight,dem,black,1,11250.0
excellent,42,female,16,heterosexual or straight,dem,white,1,18750.0
excellent,75,male,19,heterosexual or straight,rep,white,1,
good,66,male,15,heterosexual or straight,rep,black,1,
good,34,female,11,heterosexual or straight,other,other,0,
good,25,female,15,heterosexual or straight,dem,white,1,18750.0
excellent,78,female,17,heterosexual or straight,dem,black,1,
excellent,73,female,16,heterosexual or straight,dem,white,1,
good,31,male,12,heterosexual or straight,other,white,1,
good,62,male,12,heterosexual or straight,other,white,1,18750.0
good,59,female,14,heterosexual or straight,dem,black,0,18750.0
good,21,female,12,heterosexual or straight,other,other,0,6500.0
good,45,female,12,heterosexual or straight,other,white,1,16250.0
good,52,female,16,heterosexual or straight,rep,white,1,6500.0
excellent,76,female,5,heterosexual or straight,rep,white,1,
good,21,male,12,heterosexual or straight,dem,black,0,
excellent,42,female,14,heterosexual or straight,dem,white,1,18750.0
good,42,female,16,heterosexual or straight,other,white,1,
fair,65,male,12,heterosexual or straight,dem,white,1,
excellent,36,male,15,heterosexual or straight,other,other,1,18750.0
excellent,64,male,16,heterosexual or straight,dem,white,1,
good,33,female,15,heterosexual or straight,rep,white,1,16250.0
good,30,female,16,heterosexual or straight,rep,white,1,18750.0
good,50,female,14,heterosexual or straight,rep,white,1,18750.0
good,89,female,16,heterosexual or straight,dem,white,1,
excellent,60,male,16,heterosexual or straight,rep,white,1,18750.0
good,52,male,13,heterosexual or straight,rep,white,1,11250.0
good,21,female,14,heterosexual or straight,other,other,0,3500.0
good,32,female,14,heterosexual or straight,other,white,1,13750.0
good,78,male,12,heterosexual or straight,dem,white,1,
good,59,female,16,heterosexual or straight,dem,white,1,18750.0
good,32,male,14,heterosexual or straight,rep,white,1,16250.0
excellent,27,female,14,heterosexual or straight,dem,other,1,
good,38,male,14,heterosexual or straight,rep,other,1,18750.0
fair,34,male,16,heterosexual or straight,dem,other,0,18750.0
excellent,39,female,18,heterosexual or straight,dem,white,1,
excellent,19,female,13,heterosexual or straight,rep,other,0,
excellent,39,female,18,heterosexual or straight,rep,white,1,
good,39,female,18,heterosexual or straight,rep,white,1,18750.0
excellent,71,male,16,heterosexual or straight,rep,white,1,
fair,64,male,14,heterosexual or straight,dem,white,1,4500.0
fair,80,male,12,heterosexual or straight,dem,white,0,
excellent,43,female,16,heterosexual or straight,dem,black,0,18750.0
poor,38,female,11,heterosexual or straight,other,black,0,
fair,23,female,10,heterosexual or straight,dem,white,0,9000.0
poor,71,male,13,homosexual or gay,dem,white,0,
poor,31,female,15,heterosexual or straight,dem,black,1,16250.0
good,38,male,14,heterosexual or straight,dem,white,1,18750.0
fair,49,female,13,heterosexual or straight,rep,white,0,18750.0
excellent,50,female,12,heterosexual or straight,dem,white,1,18750.0
good,50,male,16,heterosexual or straight,rep,white,1,18750.0
good,47,female,19,heterosexual or straight,dem,white,1,18750.0
excellent,34,female,13,heterosexual or straight,dem,white,1,18750.0
fair,50,female,12,heterosexual or straight,rep,black,0,
fair,33,female,10,heterosexual or straight,other,white,1,11250.0
good,39,female,16,heterosexual or straight,other,white,1,18750.0
good,56,male,16,heterosexual or straight,dem,black,1,18750.0
good,55,male,12,heterosexual or straight,dem,white,1,18750.0
excellent,47,male,12,heterosexual or straight,other,white,0,18750.0
excellent,20,male,14,heterosexual or straight,rep,other,0,
good,27,female,14,heterosexual or straight,dem,black,0,18750.0
good,42,female,11,heterosexual or straight,dem,black,1,6500.0
excellent,48,male,10,heterosexual or straight,dem,white,1,16250.0
fair,37,female,16,heterosexual or straight,dem,black,0,18750.0
excellent,87,male,14,heterosexual or straight,rep,white,1,
good,30,female,14,heterosexual or straight,dem,black,0,18750.0
fair,25,male,13,heterosexual or straight,dem,white,0,18750.0
excellent,36,female,12,heterosexual or straight,rep,white,1,13750.0
fair,49,male,14,heterosexual or straight,dem,white,1,18750.0
fair,57,female,12,heterosexual or straight,rep,white,1,
good,26,male,15,heterosexual or straight,dem,white,0,
fair,20,female,11,heterosexual or straight,dem,white,0,2000.0
excellent,42,female,14,heterosexual or straight,rep,white,1,16250.0
good,63,male,12,heterosexual or straight,other,white,1,
poor,51,male,10,heterosexual or straight,dem,white,1,13750.0
poor,50,male,14,heterosexual or straight,other,white,1,
poor,51,female,12,heterosexual or straight,other,white,0,
good,67,female,12,heterosexual or straight,dem,white,1,500.0
excellent,30,male,18,heterosexual or straight,dem,white,1,18750.0
fair,27,male,10,heterosexual or straight,rep,white,0,
good,19,female,11,bisexual,other,white,0,500.0
poor,67,female,12,heterosexual or straight,dem,white,1,
good,31,female,20,heterosexual or straight,rep,white,1,18750.0
fair,39,female,13,heterosexual or straight,dem,black,0,
poor,72,female,11,heterosexual or straight,other,black,1,
excellent,41,female,12,heterosexual or straight,other,white,1,
good,52,male,12,heterosexual or straight,dem,white,1,18750.0
good,25,female,14,heterosexual or straight,rep,white,0,
good,39,female,14,heterosexual or straight,dem,white,1,13750.0
good,29,male,16,heterosexual or straight,rep,white,0,18750.0
fair,22,female,13,heterosexual or straight,other,other,1,
good,56,female,14,heterosexual or straight,other,white,1,18750.0
fair,36,female,12,heterosexual or straight,other,white,1,
good,43,male,14,heterosexual or straight,other,white,1,18750.0
good,32,male,12,heterosexual or straight,other,white,0,13750.0
good,63,male,12,heterosexual or straight,dem,white,1,18750.0
good,49,female,12,heterosexual or straight,dem,white,1,
fair,22,male,16,heterosexual or straight,other,white,0,
fair,64,female,12,heterosexual or straight,rep,white,1,18750.0
good,53,male,16,heterosexual or straight,other,white,1,
excellent,43,female,16,heterosexual or straight,rep,white,1,18750.0
poor,61,female,11,heterosexual or straight,dem,black,1,16250.0
excellent,50,male,16,heterosexual or straight,dem,white,1,18750.0
good,44,male,15,heterosexual or straight,dem,black,1,18750.0
fair,21,female,12,heterosexual or straight,other,black,0,
excellent,53,male,20,homosexual or gay,dem,white,1,18750.0
good,29,male,20,heterosexual or straight,rep,white,1,18750.0
good,62,male,3,heterosexual or straight,other,white,1,18750.0
fair,43,female,12,heterosexual or straight,other,white,1,16250.0
excellent,50,female,12,heterosexual or straight,rep,white,1,6500.0
excellent,35,female,5,heterosexual or straight,other,other,1,13750.0
good,45,male,12,heterosexual or straight,dem,white,0,
excellent,26,male,15,heterosexual or straight,dem,white,0,11250.0
good,64,female,12,heterosexual or straight,dem,white,1,
excellent,62,female,16,heterosexual or straight,rep,white,1,11250.0
fair,50,male,12,heterosexual or straight,dem,white,1,18750.0
excellent,50,female,14,heterosexual or straight,other,white,1,11250.0
fair,61,male,12,heterosexual or straight,dem,white,1,
good,76,male,14,heterosexual or straight,rep,white,1,
excellent,79,female,15,heterosexual or straight,dem,white,1,
good,54,female,15,heterosexual or straight,dem,black,1,18750.0
good,62,female,10,heterosexual or straight,dem,black,1,18750.0
excellent,47,male,12,heterosexual or straight,rep,white,1,18750.0
good,67,male,12,heterosexual or straight,rep,white,1,18750.0
good,20,female,12,heterosexual or straight,rep,white,0,4500.0
good,37,male,12,heterosexual or straight,dem,white,1,13750.0
good,57,male,14,homosexual or gay,dem,white,0,18750.0
good,25,male,12,heterosexual or straight,dem,white,0,
poor,29,female,12,heterosexual or straight,dem,black,0,
fair,21,female,12,heterosexual or straight,other,white,0,
fair,49,male,12,heterosexual or straight,dem,white,1,16250.0
good,51,female,13,heterosexual or straight,other,white,1,18750.0
good,66,female,12,heterosexual or straight,dem,white,1,
excellent,37,female,12,heterosexual or straight,other,other,1,11250.0
fair,40,female,14,heterosexual or straight,dem,white,1,18750.0
excellent,26,female,12,heterosexual or straight,other,other,1,16250.0
good,83,female,12,heterosexual or straight,other,white,1,
poor,78,male,20,heterosexual or straight,other,white,1,
good,50,male,12,heterosexual or straight,dem,white,1,
good,31,female,14,heterosexual or straight,other,white,1,
excellent,75,male,12,heterosexual or straight,rep,white,1,
good,52,male,20,heterosexual or straight,rep,white,1,18750.0
excellent,79,male,16,heterosexual or straight,dem,white,1,
excellent,24,female,20,heterosexual or straight,dem,white,1,3500.0
good,71,male,16,heterosexual or straight,rep,white,1,
good,81,male,17,heterosexual or straight,dem,white,1,
fair,31,female,19,heterosexual or straight,dem,other,0,
good,20,male,13,heterosexual or straight,rep,white,0,3500.0
excellent,33,female,13,heterosexual or straight,dem,white,1,500.0
excellent,47,female,18,bisexual,dem,white,0,18750.0
excellent,26,male,17,heterosexual or straight,other,other,0,18750.0
excellent,47,female,17,heterosexual or straight,dem,white,1,18750.0
fair,47,male,16,heterosexual or straight,rep,white,1,
excellent,35,female,14,heterosexual or straight,rep,white,0,18750.0
good,58,female,16,heterosexual or straight,dem,white,1,18750.0
excellent,51,female,16,heterosexual or straight,rep,white,0,18750.0
good,62,male,14,heterosexual or straight,rep,white,1,11250.0
poor,61,female,16,heterosexual or straight,dem,white,1,
good,40,male,20,heterosexual or straight,rep,white,1,18750.0
excellent,61,female,13,heterosexual or straight,dem,black,1,
excellent,62,female,16,heterosexual or straight,dem,white,1,5500.0
excellent,32,male,18,heterosexual or straight,rep,white,1,18750.0
fair,60,female,7,heterosexual or straight,rep,other,1,
good,36,male,12,heterosexual or straight,rep,white,1,18750.0
excellent,20,male,12,heterosexual or straight,rep,white,0,
good,23,female,14,heterosexual or straight,other,white,1,
excellent,29,male,17,heterosexual or straight,other,white,0,11250.0
good,32,female,18,heterosexual or straight,dem,white,0,13750.0
poor,54,male,14,heterosexual or straight,dem,white,1,
good,43,female,14,heterosexual or straight,other,white,1,9000.0
fair,31,male,16,heterosexual or straight,rep,white,1,18750.0
excellent,36,male,14,heterosexual or straight,rep,white,1,18750.0
excellent,42,female,16,heterosexual or straight,rep,white,1,
good,60,female,16,heterosexual or straight,dem,white,1,18750.0
excellent,72,female,12,heterosexual or straight,rep,white,1,
good,49,male,12,heterosexual or straight,rep,white,1,18750.0
good,33,female,12,heterosexual or straight,rep,white,1,18750.0
excellent,89,female,12,heterosexual or straight,dem,white,1,
fair,44,male,11,heterosexual or straight,other,white,1,18750.0
excellent,74,male,12,heterosexual or straight,dem,black,1,
fair,49,male,12,heterosexual or straight,dem,white,1,18750.0
excellent,53,female,16,heterosexual or straight,dem,white,1,13750.0
good,69,male,12,heterosexual or straight,dem,white,1,
good,78,female,14,heterosexual or straight,dem,white,1,
excellent,55,female,18,heterosexual or straight,dem,white,1,
fair,43,female,13,heterosexual or straight,dem,white,0,
fair,47,male,14,heterosexual or straight,other,white,1,6500.0
excellent,40,female,12,heterosexual or straight,rep,white,1,13750.0
fair,58,male,12,heterosexual or straight,dem,white,1,18750.0
poor,53,male,19,heterosexual or straight,dem,white,1,
excellent,19,female,12,bisexual,other,white,0,2000.0
good,53,female,12,heterosexual or straight,dem,white,1,
good,33,female,16,heterosexual or straight,rep,white,1,18750.0
fair,26,male,16,heterosexual or straight,dem,white,0,13750.0
good,52,male,9,heterosexual or straight,rep,white,1,18750.0
fair,50,male,12,heterosexual or straight,dem,white,0,
poor,53,male,15,heterosexual or straight,dem,white,0,
excellent,45,male,20,heterosexual or straight,dem,white,1,13750.0
excellent,67,male,15,heterosexual or straight,dem,white,1,18750.0
good,44,female,15,heterosexual or straight,dem,black,0,18750.0
good,37,male,18,heterosexual or straight,rep,white,1,18750.0
excellent,27,male,12,heterosexual or straight,dem,white,1,18750.0
good,58,male,20,heterosexual or straight,dem,white,1,18750.0
good,66,male,16,heterosexual or straight,dem,white,1,18750.0
good,61,male,14,heterosexual or straight,rep,white,0,18750.0
good,25,male,12,heterosexual or straight,rep,white,0,
good,42,female,18,heterosexual or straight,dem,white,1,11250.0
good,64,female,20,heterosexual or straight,rep,white,1,18750.0
fair,46,female,9,heterosexual or straight,other,white,1,
excellent,60,female,14,heterosexual or straight,dem,white,1,18750.0
poor,33,male,16,heterosexual or straight,dem,white,1,
fair,46,male,9,heterosexual or straight,rep,white,1,4500.0
fair,25,male,10,heterosexual or straight,other,other,0,11250.0
excellent,36,male,15,heterosexual or straight,dem,white,1,18750.0
good,27,male,18,heterosexual or straight,dem,other,0,
fair,29,female,14,heterosexual or straight,other,black,0,
excellent,25,female,16,bisexual,dem,white,0,13750.0
poor,28,female,12,bisexual,other,white,1,2000.0
good,39,female,12,heterosexual or straight,rep,white,1,
good,33,female,16,heterosexual or straight,rep,white,0,18750.0
good,67,female,15,heterosexual or straight,dem,white,1,
good,71,female,15,heterosexual or straight,dem,other,1,18750.0
good,58,female,19,heterosexual or straight,dem,white,1,18750.0
good,59,male,19,heterosexual or straight,dem,white,1,18750.0
good,70,female,20,bisexual,dem,white,0,
fair,67,female,12,heterosexual or straight,dem,other,1,
poor,50,male,12,heterosexual or straight,rep,white,1,
excellent,67,female,16,heterosexual or straight,dem,white,1,
fair,35,female,12,heterosexual or straight,other,white,1,
good,73,female,12,heterosexual or straight,dem,other,1,
good,34,female,13,heterosexual or straight,dem,white,0,16250.0
fair,56,female,11,heterosexual or straight,dem,white,1,
excellent,70,female,12,heterosexual or straight,dem,white,1,
good,55,female,16,heterosexual or straight,dem,white,1,
good,32,male,19,heterosexual or straight,other,white,0,18750.0
good,56,female,18,heterosexual or straight,other,white,1,18750.0
poor,60,male,12,heterosexual or straight,other,white,1,
good,80,male,14,heterosexual or straight,rep,white,1,
fair,30,male,10,heterosexual or straight,other,white,0,11250.0
excellent,43,female,14,heterosexual or straight,dem,white,1,18750.0
good,51,female,12,heterosexual or straight,dem,black,1,16250.0
fair,59,female,8,heterosexual or straight,rep,other,1,
excellent,66,female,12,heterosexual or straight,rep,white,1,11250.0
good,32,male,16,heterosexual or straight,rep,other,1,18750.0
good,55,male,12,heterosexual or straight,rep,white,1,18750.0
fair,62,male,16,heterosexual or straight,dem,white,1,18750.0
fair,19,male,11,heterosexual or straight,rep,white,0,
good,50,female,12,heterosexual or straight,rep,white,1,13750.0
good,37,female,16,heterosexual or straight,rep,white,1,
fair,43,male,14,heterosexual or straight,rep,white,1,18750.0
excellent,26,male,16,heterosexual or straight,other,white,0,11250.0
excellent,19,female,12,heterosexual or straight,rep,white,0,4500.0
poor,43,female,12,heterosexual or straight,other,white,0,
fair,74,female,14,heterosexual or straight,other,white,1,
good,60,male,12,heterosexual or straight,dem,white,1,18750.0
excellent,49,male,16,heterosexual or straight,rep,white,1,18750.0
good,41,female,15,heterosexual or straight,dem,white,1,
good,33,female,10,heterosexual or straight,dem,black,0,
poor,73,male,12,heterosexual or straight,rep,white,1,
fair,34,male,14,heterosexual or straight,dem,white,0,
fair,37,female,16,heterosexual or straight,other,white,1,9000.0
good,72,female,14,heterosexual or straight,other,white,1,
good,53,male,12,heterosexual or straight,dem,white,1,18750.0
excellent,33,female,14,heterosexual or straight,dem,white,1,3500.0
good,66,male,12,heterosexual or straight,rep,white,1,11250.0
good,52,female,12,heterosexual or straight,dem,white,1,5500.0
good,60,female,18,heterosexual or straight,dem,white,1,18750.0
good,27,female,13,bisexual,dem,white,0,13750.0
good,62,male,15,heterosexual or straight,rep,white,1,
good,65,male,9,heterosexual or straight,rep,white,1,18750.0
excellent,41,male,16,heterosexual or straight,rep,white,1,18750.0
fair,63,female,12,heterosexual or straight,dem,white,1,3500.0
good,33,female,16,heterosexual or straight,other,white,1,18750.0
excellent,21,male,12,heterosexual or straight,dem,black,0,5500.0
excellent,47,female,16,heterosexual or straight,rep,white,1,18750.0
excellent,36,female,10,heterosexual or straight,other,black,0,13750.0
fair,49,female,12,heterosexual or straight,rep,white,1,
good,83,female,17,heterosexual or straight,dem,white,1,16250.0
excellent,22,male,16,heterosexual or straight,other,white,0,5500.0
good,55,female,16,heterosexual or straight,dem,white,1,
excellent,45,male,16,heterosexual or straight,other,white,1,
good,57,female,12,heterosexual or straight,other,white,1,18750.0
good,63,male,12,heterosexual or straight,other,white,1,
fair,27,female,10,heterosexual or straight,rep,white,0,
fair,64,female,12,heterosexual or straight,dem,black,1,
good,31,male,12,heterosexual or straight,rep,white,0,16250.0
good,40,male,16,heterosexual or straight,rep,white,1,18750.0
poor,46,female,12,heterosexual or straight,rep,white,0,
good,62,male,12,heterosexual or straight,other,white,1,11250.0
excellent,52,male,13,heterosexual or straight,rep,white,1,18750.0
good,49,male,11,heterosexual or straight,dem,black,1,5500.0
excellent,37,male,16,heterosexual or straight,rep,white,1,18750.0
good,39,male,12,heterosexual or straight,dem,black,1,11250.0
good,58,female,14,heterosexual or straight,rep,white,1,
poor,77,female,12,heterosexual or straight,rep,white,1,
fair,49,female,12,heterosexual or straight,other,white,1,13750.0
fair,58,male,13,heterosexual or straight,rep,white,1,
excellent,60,female,12,heterosexual or straight,dem,white,1,
good,56,female,12,heterosexual or straight,dem,black,1,
good,86,male,16,heterosexual or straight,rep,white,1,
good,32,male,14,heterosexual or straight,rep,white,1,18750.0
good,61,female,11,heterosexual or straight,dem,black,1,
excellent,19,female,12,heterosexual or straight,other,black,0,
fair,25,female,13,heterosexual or straight,other,black,1,2000.0
good,69,male,10,heterosexual or straight,dem,black,1,
good,57,female,12,heterosexual or straight,dem,white,1,
fair,45,female,10,heterosexual or straight,other,white,1,6500.0
excellent,37,female,18,heterosexual or straight,dem,black,0,
excellent,52,female,12,heterosexual or straight,dem,black,0,500.0
fair,55,female,12,heterosexual or straight,dem,black,1,
good,30,female,12,heterosexual or straight,dem,black,0,
poor,56,female,18,heterosexual or straight,rep,white,1,
excellent,50,male,20,heterosexual or straight,dem,white,1,18750.0
fair,78,female,12,heterosexual or straight,dem,white,1,
fair,28,male,8,heterosexual or straight,rep,white,1,
fair,65,female,12,heterosexual or straight,dem,white,1,11250.0
excellent,68,female,16,heterosexual or straight,dem,white,1,
good,66,female,18,heterosexual or straight,rep,white,1,
good,84,male,15,heterosexual or straight,rep,white,1,
excellent,43,male,19,heterosexual or straight,rep,black,1,18750.0
good,33,male,13,heterosexual or straight,dem,black,0,
good,37,female,18,heterosexual or straight,other,white,1,18750.0
good,30,male,10,heterosexual or straight,dem,black,0,9000.0
poor,74,male,3,heterosexual or straight,other,black,1,
poor,65,female,8,heterosexual or straight,dem,white,1,
good,25,male,16,heterosexual or straight,rep,white,0,
good,36,female,12,heterosexual or straight,dem,white,1,
excellent,25,male,14,heterosexual or straight,rep,white,1,18750.0
good,46,female,12,heterosexual or straight,dem,black,0,16250.0
fair,37,female,11,heterosexual or straight,dem,black,1,9000.0
good,44,female,14,heterosexual or straight,dem,white,1,5500.0
fair,22,male,11,heterosexual or straight,other,white,0,
good,33,female,12,heterosexual or straight,rep,white,1,13750.0
good,30,female,16,heterosexual or straight,dem,black,1,18750.0
good,41,female,15,heterosexual or straight,rep,white,1,18750.0
excellent,56,female,13,heterosexual or straight,rep,white,1,16250.0
excellent,88,female,14,heterosexual or straight,rep,white,1,
good,72,male,12,heterosexual or straight,rep,white,1,18750.0
good,49,female,14,heterosexual or straight,dem,white,1,
excellent,48,female,13,heterosexual or straight,other,black,1,
fair,50,male,10,heterosexual or straight,other,white,1,18750.0
excellent,46,female,13,heterosexual or straight,dem,black,1,11250.0
good,32,female,13,heterosexual or straight,dem,black,0,4500.0
good,25,female,11,heterosexual or straight,other,other,0,
good,58,male,12,heterosexual or straight,rep,white,1,18750.0
good,60,female,16,heterosexual or straight,rep,white,0,18750.0
fair,41,female,12,heterosexual or straight,dem,black,0,18750.0
good,54,female,14,heterosexual or straight,other,black,1,18750.0
excellent,72,female,16,heterosexual or straight,rep,white,1,
excellent,52,female,20,heterosexual or straight,dem,white,1,18750.0
excellent,71,male,16,heterosexual or straight,rep,white,1,
good,25,female,12,heterosexual or straight,other,black,0,
good,79,female,16,heterosexual or straight,rep,white,1,
fair,20,female,12,heterosexual or straight,dem,white,0,7500.0
good,69,female,19,heterosexual or straight,rep,white,1,18750.0
good,47,male,12,heterosexual or straight,other,white,1,18750.0
good,65,male,13,heterosexual or straight,dem,white,1,
excellent,43,male,16,heterosexual or straight,other,white,1,
good,35,male,10,heterosexual or straight,dem,other,1,16250.0
excellent,27,female,16,heterosexual or straight,dem,white,0,18750.0
fair,41,female,14,heterosexual or straight,rep,white,1,
excellent,50,female,16,heterosexual or straight,other,white,1,
good,29,female,14,heterosexual or straight,rep,white,1,16250.0
fair,47,male,12,heterosexual or straight,dem,black,1,
fair,48,female,11,heterosexual or straight,dem,white,1,4500.0
poor,74,female,10,heterosexual or straight,other,white,1,
good,39,female,10,heterosexual or straight,other,white,0,5500.0
excellent,58,male,18,heterosexual or straight,other,white,1,
fair,45,female,12,heterosexual or straight,rep,white,1,
fair,52,female,13,heterosexual or straight,dem,black,1,11250.0
excellent,62,male,8,heterosexual or straight,rep,white,1,18750.0
excellent,88,female,12,heterosexual or straight,rep,white,1,
fair,49,female,10,heterosexual or straight,rep,white,1,
fair,88,male,12,heterosexual or straight,other,white,1,
good,69,female,14,heterosexual or straight,rep,white,1,18750.0
good,53,male,12,heterosexual or straight,rep,white,1,18750.0
excellent,64,male,10,heterosexual or straight,dem,white,1,18750.0
fair,43,female,11,heterosexual or straight,dem,white,1,5500.0
good,56,female,12,heterosexual or straight,rep,white,1,18750.0
excellent,51,male,11,heterosexual or straight,rep,white,1,18750.0
fair,47,male,12,heterosexual or straight,rep,white,1,18750.0
excellent,32,female,16,homosexual or gay,dem,white,0,18750.0
excellent,41,female,20,heterosexual or straight,dem,black,1,18750.0
fair,20,female,12,heterosexual or straight,other,black,0,2000.0
fair,43,female,16,heterosexual or straight,dem,black,1,18750.0
excellent,22,female,16,heterosexual or straight,dem,black,0,11250.0
fair,39,male,18,heterosexual or straight,other,black,1,18750.0
good,30,female,12,heterosexual or straight,dem,black,0,18750.0
good,57,female,14,heterosexual or straight,rep,black,1,18750.0
good,20,male,14,heterosexual or straight,rep,black,0,
fair,38,female,8,heterosexual or straight,dem,black,1,
excellent,87,female,18,heterosexual or straight,dem,black,1,
fair,58,female,11,heterosexual or straight,dem,black,1,
good,67,male,16,heterosexual or straight,dem,black,1,
poor,47,male,12,heterosexual or straight,other,white,1,
good,52,male,20,heterosexual or straight,rep,white,1,18750.0
good,30,female,12,heterosexual or straight,dem,black,0,18750.0
good,82,male,14,heterosexual or straight,rep,white,1,
good,68,female,12,heterosexual or straight,other,black,1,
fair,46,male,12,heterosexual or straight,dem,black,1,13750.0
good,25,female,10,heterosexual or straight,dem,black,0,4500.0
excellent,32,male,12,homosexual or gay,dem,black,0,500.0
excellent,60,male,18,heterosexual or straight,dem,white,1,18750.0
good,40,male,16,heterosexual or straight,rep,white,1,18750.0
good,62,male,16,heterosexual or straight,dem,white,1,18750.0
fair,75,female,11,heterosexual or straight,rep,white,1,
good,30,male,12,heterosexual or straight,dem,white,1,11250.0
good,28,female,14,heterosexual or straight,rep,white,1,16250.0
excellent,46,male,18,heterosexual or straight,rep,white,1,18750.0
excellent,42,female,16,heterosexual or straight,other,black,1,18750.0
poor,63,male,14,heterosexual or straight,dem,other,1,16250.0
fair,68,female,12,heterosexual or straight,rep,white,1,
excellent,64,male,14,heterosexual or straight,dem,white,1,18750.0
good,74,male,20,heterosexual or straight,dem,other,1,18750.0
good,44,male,16,heterosexual or straight,rep,white,1,18750.0
excellent,51,female,16,heterosexual or straight,rep,white,1,
excellent,58,female,15,heterosexual or straight,rep,white,1,
excellent,78,female,16,heterosexual or straight,dem,white,1,
excellent,58,female,12,heterosexual or straight,rep,white,1,18750.0
poor,41,male,14,heterosexual or straight,other,white,1,
fair,66,male,18,heterosexual or straight,dem,white,1,18750.0
fair,52,male,14,heterosexual or straight,rep,white,0,18750.0
good,56,female,19,heterosexual or straight,rep,white,1,13750.0
good,25,female,14,heterosexual or straight,other,white,0,11250.0
excellent,53,male,20,heterosexual or straight,dem,white,1,18750.0
excellent,26,male,14,heterosexual or straight,dem,white,0,13750.0
fair,60,female,14,heterosexual or straight,rep,white,1,
fair,53,female,12,homosexual or gay,dem,white,0,
excellent,71,male,12,heterosexual or straight,dem,white,1,
fair,80,female,12,heterosexual or straight,dem,white,1,
good,35,male,16,heterosexual or straight,rep,white,1,18750.0
good,32,male,16,heterosexual or straight,rep,white,1,18750.0
good,56,female,12,heterosexual or straight,rep,white,1,18750.0
poor,45,female,13,heterosexual or straight,rep,white,1,
good,65,male,16,heterosexual or straight,rep,white,1,
good,51,male,13,heterosexual or straight,rep,black,1,18750.0
good,23,male,13,heterosexual or straight,other,white,0,3500.0
good,79,male,16,heterosexual or straight,rep,other,1,
good,61,female,14,heterosexual or straight,dem,white,1,11250.0
good,80,female,12,heterosexual or straight,dem,white,1,
fair,67,male,14,heterosexual or straight,dem,white,1,
good,50,female,16,heterosexual or straight,dem,white,1,
good,41,male,14,heterosexual or straight,rep,white,1,18750.0
excellent,33,female,12,heterosexual or straight,dem,white,1,11250.0
good,63,male,12,heterosexual or straight,dem,white,1,18750.0
excellent,67,female,18,heterosexual or straight,other,white,1,
fair,83,male,12,heterosexual or straight,dem,white,1,
excellent,54,male,16,heterosexual or straight,dem,white,1,18750.0
poor,64,male,11,heterosexual or straight,rep,white,1,
fair,42,male,11,heterosexual or straight,rep,white,1,18750.0
fair,45,female,15,heterosexual or straight,rep,white,1,13750.0
good,40,male,14,heterosexual or straight,rep,white,1,18750.0
good,50,male,12,heterosexual or straight,dem,white,1,
fair,77,female,13,heterosexual or straight,dem,white,1,18750.0
good,41,female,16,heterosexual or straight,dem,white,1,18750.0
poor,88,male,13,heterosexual or straight,dem,white,1,
excellent,33,female,12,heterosexual or straight,rep,white,1,18750.0
good,33,male,12,heterosexual or straight,dem,black,0,
fair,36,female,12,heterosexual or straight,other,white,1,13750.0
excellent,57,female,16,heterosexual or straight,dem,white,1,18750.0
good,23,female,12,heterosexual or straight,other,white,0,
good,33,female,12,heterosexual or straight,dem,white,1,18750.0
poor,43,female,12,heterosexual or straight,dem,white,1,
fair,42,male,9,heterosexual or straight,dem,white,1,13750.0
fair,64,female,13,heterosexual or straight,dem,black,1,
good,57,male,12,heterosexual or straight,rep,white,1,
excellent,56,male,19,heterosexual or straight,other,white,1,18750.0
fair,30,male,17,heterosexual or straight,rep,white,1,11250.0
fair,36,female,19,heterosexual or straight,dem,white,1,
good,32,female,20,heterosexual or straight,dem,white,0,18750.0
good,25,male,16,heterosexual or straight,dem,white,0,
good,74,female,16,heterosexual or straight,other,white,1,
good,74,female,16,heterosexual or straight,dem,white,1,
good,24,male,17,heterosexual or straight,rep,white,0,6500.0
good,20,female,14,heterosexual or straight,rep,white,0,5500.0
excellent,31,male,12,heterosexual or straight,other,white,1,
fair,44,female,14,heterosexual or straight,rep,white,1,18750.0
good,69,female,16,heterosexual or straight,dem,white,1,
excellent,43,female,18,heterosexual or straight,dem,white,1,3500.0
excellent,39,male,12,bisexual,dem,white,1,18750.0
good,21,female,14,heterosexual or straight,rep,white,0,
good,54,female,16,heterosexual or straight,rep,white,1,11250.0
good,33,female,16,heterosexual or straight,dem,white,1,18750.0
good,60,female,12,heterosexual or straight,dem,white,1,13750.0
excellent,29,female,16,heterosexual or straight,dem,white,1,18750.0
fair,72,female,14,heterosexual or straight,dem,white,1,5500.0
good,20,female,9,heterosexual or straight,dem,white,0,
excellent,80,male,19,heterosexual or straight,rep,white,1,
fair,56,female,18,heterosexual or straight,rep,white,1,18750.0
good,44,female,17,heterosexual or straight,rep,white,1,13750.0
poor,49,female,10,heterosexual or straight,rep,white,1,
fair,37,female,16,heterosexual or straight,dem,other,1,
fair,67,female,13,heterosexual or straight,rep,white,1,
fair,58,female,12,heterosexual or straight,rep,white,1,
good,53,male,12,bisexual,rep,white,1,18750.0
good,39,male,15,heterosexual or straight,other,white,1,16250.0
good,54,female,16,heterosexual or straight,dem,white,1,18750.0
excellent,31,female,14,bisexual,dem,white,0,13750.0
fair,73,male,13,heterosexual or straight,rep,white,1,
good,67,male,12,heterosexual or straight,rep,white,1,11250.0
good,47,female,18,heterosexual or straight,dem,other,1,18750.0
excellent,78,male,12,heterosexual or straight,rep,white,1,
fair,88,female,11,heterosexual or straight,other,white,1,
poor,79,male,10,heterosexual or straight,dem,white,1,
good,41,female,12,heterosexual or straight,rep,white,0,18750.0
excellent,64,male,12,heterosexual or straight,other,white,1,18750.0
fair,61,male,12,heterosexual or straight,dem,white,1,18750.0
excellent,19,male,11,heterosexual or straight,rep,white,0,2000.0
excellent,39,female,18,heterosexual or straight,rep,white,1,18750.0
good,41,female,13,heterosexual or straight,rep,white,1,18750.0
good,44,male,16,heterosexual or straight,rep,white,1,18750.0
excellent,57,male,16,heterosexual or straight,rep,white,1,18750.0
good,46,female,13,heterosexual or straight,rep,white,1,18750.0
fair,41,female,14,heterosexual or straight,rep,white,1,18750.0
good,42,male,12,heterosexual or straight,rep,other,1,18750.0
good,56,female,16,heterosexual or straight,dem,white,0,18750.0
good,39,female,16,heterosexual or straight,other,white,1,2000.0
good,50,female,18,heterosexual or straight,other,white,1,18750.0
good,80,female,12,heterosexual or straight,rep,white,1,
excellent,51,female,12,heterosexual or straight,other,white,1,500.0
excellent,39,male,14,heterosexual or straight,rep,white,1,18750.0
good,84,female,12,heterosexual or straight,rep,white,1,
good,43,male,12,heterosexual or straight,other,black,1,18750.0
good,37,male,16,heterosexual or straight,rep,white,1,18750.0
good,57,female,12,heterosexual or straight,rep,white,1,18750.0
good,55,male,18,heterosexual or straight,rep,white,1,18750.0
good,64,male,16,heterosexual or straight,other,white,1,18750.0
good,58,female,13,heterosexual or straight,rep,white,1,18750.0
good,31,female,18,heterosexual or straight,rep,white,1,18750.0
good,64,male,12,heterosexual or straight,rep,white,1,18750.0
excellent,27,male,16,heterosexual or straight,dem,black,1,18750.0
good,59,male,14,heterosexual or straight,rep,white,1,18750.0
good,38,female,17,heterosexual or straight,dem,white,1,5500.0
good,29,male,12,heterosexual or straight,rep,white,1,16250.0
good,75,male,12,heterosexual or straight,dem,white,1,
excellent,45,female,14,heterosexual or straight,rep,white,0,18750.0
excellent,44,female,12,heterosexual or straight,rep,white,1,11250.0
fair,29,female,6,heterosexual or straight,other,other,0,18750.0
poor,79,male,12,heterosexual or straight,rep,white,1,
fair,85,male,14,heterosexual or straight,dem,white,1,
excellent,66,male,20,heterosexual or straight,other,white,1,18750.0
fair,26,female,19,heterosexual or straight,dem,white,0,18750.0
good,65,female,12,heterosexual or straight,dem,white,1,16250.0
good,56,male,12,heterosexual or straight,rep,white,0,18750.0
good,56,male,12,heterosexual or straight,rep,white,0,
poor,34,male,11,heterosexual or straight,dem,white,0,
excellent,55,male,12,homosexual or gay,dem,black,0,9000.0
good,52,male,17,heterosexual or straight,other,white,1,18750.0
excellent,23,male,13,heterosexual or straight,dem,white,0,
good,33,male,12,heterosexual or straight,rep,white,1,18750.0
good,28,male,16,heterosexual or straight,rep,white,0,16250.0
good,33,male,14,heterosexual or straight,rep,white,1,18750.0
good,68,male,12,heterosexual or straight,rep,white,1,
good,44,male,15,heterosexual or straight,dem,white,1,18750.0
fair,74,female,9,heterosexual or straight,rep,white,1,
good,55,female,16,heterosexual or straight,dem,white,1,18750.0
fair,67,male,15,heterosexual or straight,rep,white,1,18750.0
excellent,59,female,18,heterosexual or straight,dem,white,1,18750.0
good,55,female,12,heterosexual or straight,dem,black,0,13750.0
fair,45,female,10,heterosexual or straight,dem,black,0,
good,27,female,14,heterosexual or straight,rep,white,0,16250.0
good,34,female,11,heterosexual or straight,other,white,1,11250.0
excellent,61,male,17,heterosexual or straight,dem,black,1,
good,30,female,17,heterosexual or straight,dem,black,1,18750.0
fair,56,male,12,heterosexual or straight,dem,black,0,
good,58,male,12,heterosexual or straight,rep,white,1,18750.0
good,38,female,12,heterosexual or straight,other,white,1,5500.0
good,26,female,15,heterosexual or straight,dem,black,0,2000.0
good,44,male,11,heterosexual or straight,dem,black,1,13750.0
excellent,35,female,16,heterosexual or straight,dem,black,0,16250.0
excellent,38,female,18,heterosexual or straight,dem,black,1,18750.0
fair,26,male,12,heterosexual or straight,rep,white,0,13750.0
excellent,52,female,12,heterosexual or straight,rep,white,1,16250.0
poor,59,male,12,heterosexual or straight,dem,black,0,
good,54,male,13,heterosexual or straight,dem,white,1,
good,44,female,11,heterosexual or straight,rep,white,1,18750.0
poor,67,female,8,heterosexual or straight,other,white,1,
good,63,female,14,heterosexual or straight,dem,white,1,13750.0
good,29,female,16,heterosexual or straight,rep,white,0,18750.0
excellent,60,male,20,heterosexual or straight,rep,white,1,18750.0
good,20,male,12,heterosexual or straight,rep,white,0,4500.0
good,65,female,12,heterosexual or straight,other,white,1,500.0
excellent,19,female,13,heterosexual or straight,dem,white,0,3500.0
good,33,male,13,heterosexual or straight,dem,white,1,
excellent,75,male,12,heterosexual or straight,other,white,1,11250.0
good,79,female,11,heterosexual or straight,rep,white,1,
fair,32,female,11,heterosexual or straight,rep,white,1,
excellent,70,female,18,heterosexual or straight,dem,white,1,
excellent,45,male,11,heterosexual or straight,dem,white,1,18750.0
fair,33,female,11,heterosexual or straight,other,white,1,
good,80,male,7,heterosexual or straight,dem,white,1,
fair,64,male,5,heterosexual or straight,dem,other,1,
excellent,53,male,14,heterosexual or straight,rep,white,1,18750.0
good,54,male,12,heterosexual or straight,rep,white,1,18750.0
good,28,female,12,heterosexual or straight,other,other,0,
good,18,male,13,bisexual,rep,white,0,
good,37,female,17,heterosexual or straight,rep,white,0,18750.0
good,43,male,8,heterosexual or straight,other,other,1,18750.0
excellent,39,male,12,heterosexual or straight,other,other,1,18750.0
fair,35,female,12,heterosexual or straight,other,other,0,5500.0
poor,25,female,10,homosexual or gay,other,white,1,18750.0
fair,70,female,6,heterosexual or straight,other,white,1,
fair,59,female,12,heterosexual or straight,dem,black,1,2000.0
good,30,male,16,heterosexual or straight,rep,white,1,
excellent,41,female,18,heterosexual or straight,other,white,1,18750.0
good,53,male,14,heterosexual or straight,rep,white,1,18750.0
good,74,female,18,heterosexual or straight,rep,white,1,
good,46,female,14,heterosexual or straight,dem,white,1,
good,61,female,12,heterosexual or straight,rep,other,1,16250.0
good,48,male,15,heterosexual or straight,other,white,1,18750.0
good,21,male,14,heterosexual or straight,dem,other,0,2000.0
good,77,female,16,heterosexual or straight,dem,white,1,
excellent,32,male,14,homosexual or gay,other,white,1,13750.0
excellent,19,female,8,homosexual or gay,dem,white,0,
excellent,29,female,19,heterosexual or straight,dem,white,0,18750.0
good,60,male,15,heterosexual or straight,rep,white,0,16250.0
fair,34,female,12,heterosexual or straight,dem,other,0,
excellent,57,female,18,heterosexual or straight,dem,white,1,18750.0
good,24,female,17,heterosexual or straight,dem,white,0,
fair,31,male,15,heterosexual or straight,other,white,1,18750.0
fair,63,female,12,heterosexual or straight,dem,white,1,
poor,86,female,20,heterosexual or straight,other,white,1,
fair,61,female,12,heterosexual or straight,other,white,1,16250.0
fair,70,female,9,heterosexual or straight,dem,other,1,
good,43,female,16,heterosexual or straight,rep,other,1,18750.0
excellent,58,male,16,heterosexual or straight,dem,white,1,16250.0
excellent,24,male,16,heterosexual or straight,other,other,0,13750.0
good,26,male,12,heterosexual or straight,dem,black,0,18750.0
excellent,53,female,14,heterosexual or straight,rep,white,1,16250.0
good,60,female,14,heterosexual or straight,dem,white,1,
good,38,female,14,heterosexual or straight,other,white,0,18750.0
good,61,female,13,heterosexual or straight,dem,black,1,11250.0
excellent,65,male,17,heterosexual or straight,other,white,1,18750.0
excellent,48,male,12,heterosexual or straight,dem,white,1,18750.0
fair,32,male,9,heterosexual or straight,rep,black,1,18750.0
fair,23,male,10,heterosexual or straight,dem,white,0,
good,38,female,8,heterosexual or straight,other,white,0,
fair,61,male,14,heterosexual or straight,other,white,1,18750.0
good,48,male,12,heterosexual or straight,dem,black,0,18750.0
excellent,77,male,15,heterosexual or straight,rep,white,1,
poor,29,male,13,heterosexual or straight,rep,white,1,
good,63,female,12,heterosexual or straight,rep,white,1,
fair,23,female,13,heterosexual or straight,rep,white,0,2000.0
excellent,67,female,12,heterosexual or straight,dem,white,1,18750.0
excellent,28,male,11,heterosexual or straight,other,white,1,
good,22,male,13,heterosexual or straight,rep,white,0,
fair,43,female,6,heterosexual or straight,dem,other,1,
excellent,43,male,12,heterosexual or straight,dem,white,1,18750.0
excellent,39,male,14,heterosexual or straight,other,white,1,16250.0
fair,29,male,6,heterosexual or straight,other,other,1,13750.0
poor,70,female,12,heterosexual or straight,dem,other,1,
good,67,female,14,heterosexual or straight,rep,white,1,
fair,27,male,15,heterosexual or straight,dem,white,0,18750.0
good,62,male,16,heterosexual or straight,dem,white,1,18750.0
good,35,female,14,heterosexual or straight,rep,white,1,16250.0
good,42,female,14,heterosexual or straight,dem,black,0,16250.0
excellent,37,male,13,heterosexual or straight,other,other,1,18750.0
fair,35,male,12,heterosexual or straight,other,other,0,
good,26,male,18,homosexual or gay,dem,other,1,7500.0
poor,76,male,4,heterosexual or straight,dem,other,0,
poor,66,female,8,heterosexual or straight,other,white,1,
fair,37,female,12,heterosexual or straight,other,other,1,
excellent,67,male,16,heterosexual or straight,dem,black,1,
good,24,male,11,heterosexual or straight,other,white,0,
fair,30,female,18,heterosexual or straight,other,white,1,6500.0
poor,57,male,13,heterosexual or straight,dem,other,1,
good,41,female,11,heterosexual or straight,other,white,1,18750.0
excellent,27,male,13,heterosexual or straight,dem,white,1,18750.0
fair,55,female,11,heterosexual or straight,rep,white,1,
excellent,45,male,20,heterosexual or straight,dem,white,1,18750.0
good,54,male,17,homosexual or gay,dem,white,1,
good,88,female,9,heterosexual or straight,other,white,1,
good,63,female,9,heterosexual or straight,dem,white,1,
poor,54,male,12,bisexual,rep,white,1,18750.0
good,51,female,14,heterosexual or straight,dem,white,1,18750.0
fair,48,male,12,heterosexual or straight,rep,white,1,13750.0
good,70,female,14,heterosexual or straight,rep,white,1,
good,54,female,17,heterosexual or straight,rep,white,1,
good,39,female,16,heterosexual or straight,rep,white,1,18750.0
good,65,male,12,heterosexual or straight,other,white,1,18750.0
fair,33,female,14,heterosexual or straight,other,white,0,16250.0
good,24,male,16,heterosexual or straight,other,other,0,
good,24,male,13,heterosexual or straight,rep,white,0,11250.0
excellent,20,female,15,heterosexual or straight,dem,white,0,4500.0
excellent,65,male,16,heterosexual or straight,rep,white,1,18750.0
poor,58,male,8,heterosexual or straight,rep,white,0,
fair,79,male,15,heterosexual or straight,rep,white,1,16250.0
good,79,male,12,heterosexual or straight,rep,white,1,
excellent,44,female,14,heterosexual or straight,other,white,1,18750.0
poor,74,male,12,heterosexual or straight,rep,white,1,
good,47,male,16,heterosexual or straight,rep,white,1,18750.0
excellent,36,female,16,heterosexual or straight,dem,other,0,11250.0
good,33,male,14,heterosexual or straight,other,white,1,18750.0
fair,23,male,15,heterosexual or straight,dem,other,0,13750.0
good,40,female,16,heterosexual or straight,dem,white,1,18750.0
excellent,29,male,18,heterosexual or straight,dem,white,1,11250.0
good,37,male,20,heterosexual or straight,dem,white,1,18750.0
excellent,26,male,14,heterosexual or straight,dem,white,0,11250.0
excellent,34,female,15,heterosexual or straight,rep,white,0,11250.0
excellent,27,male,12,heterosexual or straight,rep,white,0,18750.0
excellent,32,male,16,heterosexual or straight,dem,white,1,18750.0
excellent,32,male,14,heterosexual or straight,other,other,0,18750.0
good,24,male,14,heterosexual or straight,other,other,0,
fair,27,male,16,heterosexual or straight,other,white,0,
good,55,male,14,heterosexual or straight,dem,white,1,18750.0
good,37,male,16,heterosexual or straight,dem,white,0,
good,70,male,14,heterosexual or straight,dem,white,1,
good,63,female,12,heterosexual or straight,rep,white,1,11250.0
good,21,male,12,heterosexual or straight,other,other,0,7500.0
poor,65,male,12,heterosexual or straight,other,white,0,
good,49,female,14,heterosexual or straight,dem,white,1,
good,65,male,12,heterosexual or straight,other,white,1,
good,32,female,16,heterosexual or straight,rep,white,1,
good,54,male,12,heterosexual or straight,rep,white,1,
excellent,71,female,18,heterosexual or straight,other,white,1,
excellent,76,male,10,heterosexual or straight,dem,white,1,
fair,53,male,9,heterosexual or straight,other,white,1,
excellent,25,female,13,heterosexual or straight,rep,white,1,16250.0
excellent,53,female,18,heterosexual or straight,rep,white,1,11250.0
excellent,56,female,11,heterosexual or straight,rep,white,1,16250.0
excellent,30,male,14,heterosexual or straight,other,black,1,18750.0
fair,47,female,11,heterosexual or straight,dem,white,1,13750.0
good,32,female,12,heterosexual or straight,rep,white,1,18750.0
good,42,female,20,heterosexual or straight,dem,white,1,18750.0
good,29,female,15,heterosexual or straight,rep,white,1,
excellent,26,male,9,heterosexual or straight,dem,white,1,18750.0
excellent,28,male,16,heterosexual or straight,rep,white,1,18750.0
good,41,female,15,heterosexual or straight,rep,white,0,18750.0
fair,36,female,12,heterosexual or straight,dem,white,1,
good,48,male,18,heterosexual or straight,dem,black,1,18750.0
good,61,female,12,heterosexual or straight,other,white,1,
good,40,male,15,heterosexual or straight,other,white,1,18750.0
poor,24,female,13,heterosexual or straight,dem,white,1,4500.0
good,21,male,12,heterosexual or straight,dem,black,0,
good,47,male,14,heterosexual or straight,rep,white,0,18750.0
poor,31,female,13,heterosexual or straight,rep,white,1,
good,44,male,12,heterosexual or straight,rep,white,1,18750.0
poor,42,female,13,heterosexual or straight,dem,white,1,7500.0
good,66,male,20,heterosexual or straight,rep,white,1,18750.0
good,47,female,14,heterosexual or straight,other,white,1,500.0
fair,52,male,11,heterosexual or straight,dem,white,1,
good,64,female,15,heterosexual or straight,rep,white,1,
fair,42,female,11,heterosexual or straight,other,white,1,
fair,58,male,9,heterosexual or straight,other,white,1,18750.0
good,59,male,12,heterosexual or straight,rep,white,1,18750.0
excellent,55,female,12,heterosexual or straight,other,white,1,9000.0
fair,35,female,10,heterosexual or straight,dem,white,1,
excellent,25,male,12,heterosexual or straight,rep,white,0,6500.0
good,58,male,8,heterosexual or straight,dem,white,1,16250.0
good,48,male,16,heterosexual or straight,rep,white,1,18750.0
good,64,male,16,heterosexual or straight,other,white,1,
good,38,male,16,heterosexual or straight,rep,white,1,18750.0
good,41,female,16,heterosexual or straight,rep,white,1,11250.0
good,70,female,20,heterosexual or straight,rep,white,1,18750.0
fair,62,male,12,heterosexual or straight,rep,white,1,
good,62,male,16,heterosexual or straight,dem,white,1,18750.0
excellent,63,male,12,heterosexual or straight,dem,white,1,
excellent,50,female,12,heterosexual or straight,rep,black,1,
good,30,male,12,heterosexual or straight,rep,white,1,18750.0
good,60,female,12,heterosexual or straight,rep,white,1,18750.0
fair,29,female,12,heterosexual or straight,dem,white,1,
fair,47,female,13,heterosexual or straight,dem,black,1,16250.0
good,51,male,12,heterosexual or straight,rep,white,1,18750.0
good,26,female,12,heterosexual or straight,other,white,1,18750.0
poor,58,male,11,heterosexual or straight,rep,white,1,
excellent,62,male,20,heterosexual or straight,other,white,1,18750.0
good,48,female,14,heterosexual or straight,other,white,1,16250.0
excellent,33,female,15,heterosexual or straight,rep,white,1,
fair,62,male,16,heterosexual or straight,rep,white,1,18750.0
poor,49,female,16,heterosexual or straight,dem,white,1,
good,76,male,18,heterosexual or straight,rep,white,1,
good,70,female,12,heterosexual or straight,dem,white,1,
good,59,female,12,heterosexual or straight,dem,white,1,9000.0
fair,73,male,10,heterosexual or straight,dem,white,1,
good,41,female,16,heterosexual or straight,dem,white,1,18750.0
good,62,male,12,heterosexual or straight,rep,white,1,18750.0
excellent,22,male,13,heterosexual or straight,other,white,1,18750.0
good,33,male,12,heterosexual or straight,rep,black,0,18750.0
fair,27,male,16,heterosexual or straight,dem,white,0,16250.0
good,62,male,16,heterosexual or straight,rep,white,0,18750.0
fair,75,male,8,heterosexual or straight,dem,white,1,
good,43,female,12,heterosexual or straight,rep,white,1,2000.0
excellent,31,male,16,heterosexual or straight,rep,white,1,18750.0
good,32,male,16,bisexual,dem,black,0,
good,23,male,12,heterosexual or straight,rep,white,0,18750.0
good,25,female,12,heterosexual or straight,other,white,1,
good,34,female,15,heterosexual or straight,rep,white,1,
poor,70,male,14,heterosexual or straight,other,white,1,
good,63,female,13,heterosexual or straight,rep,white,1,
poor,59,female,8,heterosexual or straight,rep,white,1,
excellent,58,male,12,heterosexual or straight,rep,white,1,18750.0
good,27,male,20,heterosexual or straight,dem,white,0,
good,43,male,20,heterosexual or straight,rep,white,1,18750.0
excellent,31,male,13,heterosexual or straight,rep,white,0,
excellent,44,female,14,heterosexual or straight,dem,black,1,11250.0
excellent,26,female,16,heterosexual or straight,rep,white,1,
excellent,24,female,13,heterosexual or straight,rep,white,1,18750.0
good,38,male,13,heterosexual or straight,dem,white,1,
good,38,female,9,bisexual,other,other,1,
good,51,female,14,heterosexual or straight,dem,black,1,
good,44,male,14,heterosexual or straight,dem,black,1,18750.0
good,67,female,8,heterosexual or straight,other,white,1,18750.0
good,20,female,12,heterosexual or straight,other,other,0,
excellent,19,female,12,heterosexual or straight,dem,white,0,3500.0
fair,45,female,8,heterosexual or straight,other,white,0,5500.0
fair,31,female,12,heterosexual or straight,dem,white,1,18750.0
good,54,female,12,heterosexual or straight,dem,other,1,18750.0
fair,82,male,16,heterosexual or straight,rep,white,1,
good,50,female,11,heterosexual or straight,dem,other,1,11250.0
good,21,female,12,heterosexual or straight,other,other,0,13750.0
good,42,female,15,heterosexual or straight,other,other,1,16250.0
excellent,83,female,12,heterosexual or straight,rep,white,1,
good,86,female,12,heterosexual or straight,rep,white,1,
good,60,male,14,heterosexual or straight,other,white,1,16250.0
excellent,48,male,12,heterosexual or straight,other,white,1,18750.0
excellent,76,male,16,heterosexual or straight,rep,white,1,18750.0
excellent,32,male,12,heterosexual or straight,rep,white,1,18750.0
good,47,female,12,heterosexual or straight,rep,white,1,7500.0
excellent,34,female,11,heterosexual or straight,dem,other,0,
poor,52,female,12,heterosexual or straight,dem,white,1,
good,24,male,15,heterosexual or straight,dem,other,0,11250.0
good,24,female,17,heterosexual or straight,dem,white,0,16250.0
excellent,23,female,17,heterosexual or straight,dem,white,0,3500.0
fair,26,female,12,bisexual,dem,white,0,6500.0
good,30,female,12,heterosexual or straight,dem,white,0,13750.0
excellent,28,male,13,heterosexual or straight,dem,white,0,18750.0
good,38,female,16,bisexual,other,white,0,18750.0
good,27,female,12,heterosexual or straight,dem,white,0,18750.0
excellent,54,female,16,heterosexual or straight,rep,white,1,18750.0
good,38,female,17,heterosexual or straight,rep,white,1,500.0
excellent,49,male,14,heterosexual or straight,dem,white,0,
fair,28,male,12,heterosexual or straight,dem,white,0,18750.0
excellent,40,female,14,heterosexual or straight,dem,white,1,16250.0
good,20,male,12,heterosexual or straight,rep,white,1,500.0
fair,35,male,13,homosexual or gay,dem,white,0,18750.0
excellent,38,male,18,heterosexual or straight,dem,white,1,18750.0
good,47,female,12,heterosexual or straight,dem,white,0,18750.0
good,55,male,16,heterosexual or straight,rep,white,1,18750.0
excellent,69,female,12,heterosexual or straight,dem,white,1,
excellent,39,female,16,heterosexual or straight,other,white,1,
good,64,male,13,heterosexual or straight,rep,white,1,
good,58,male,16,bisexual,dem,white,1,18750.0
excellent,26,male,13,heterosexual or straight,dem,white,1,
good,51,male,14,heterosexual or straight,rep,white,1,18750.0
poor,57,female,9,heterosexual or straight,dem,white,1,
excellent,27,female,12,heterosexual or straight,dem,white,0,18750.0
excellent,58,female,12,heterosexual or straight,dem,white,1,18750.0
excellent,31,male,16,heterosexual or straight,rep,white,1,18750.0
good,39,male,12,heterosexual or straight,rep,white,1,18750.0
good,69,male,14,heterosexual or straight,rep,white,1,
good,45,female,19,heterosexual or straight,other,white,1,18750.0
good,81,male,12,heterosexual or straight,rep,white,1,
good,29,female,16,heterosexual or straight,dem,white,1,18750.0
good,48,female,12,heterosexual or straight,rep,white,1,13750.0
good,23,male,0,dont know,other,other,0,5500.0
good,57,female,10,heterosexual or straight,dem,black,1,
fair,70,female,11,heterosexual or straight,dem,black,1,
good,38,female,11,heterosexual or straight,other,other,0,13750.0
fair,56,female,12,heterosexual or straight,dem,black,0,
fair,62,female,8,heterosexual or straight,dem,black,1,13750.0
excellent,62,female,12,heterosexual or straight,dem,black,1,5500.0
good,52,female,12,heterosexual or straight,dem,black,1,18750.0
fair,84,male,14,heterosexual or straight,dem,white,1,
fair,26,female,13,homosexual or gay,dem,black,1,18750.0
excellent,71,male,14,heterosexual or straight,rep,white,1,16250.0
excellent,74,male,12,heterosexual or straight,rep,white,1,13750.0
excellent,50,female,12,heterosexual or straight,other,white,1,16250.0
excellent,40,male,16,heterosexual or straight,other,black,1,18750.0
fair,66,female,12,heterosexual or straight,rep,white,1,
excellent,61,female,16,heterosexual or straight,rep,white,1,
excellent,20,male,12,heterosexual or straight,other,black,0,16250.0
good,40,female,14,heterosexual or straight,rep,white,1,16250.0
excellent,56,male,12,heterosexual or straight,rep,white,1,18750.0
good,34,male,9,heterosexual or straight,other,other,1,11250.0
good,35,female,0,heterosexual or straight,other,other,0,7500.0
excellent,38,female,16,heterosexual or straight,rep,white,1,18750.0
poor,64,male,12,heterosexual or straight,dem,black,1,
good,37,female,18,heterosexual or straight,dem,black,1,18750.0
good,28,female,9,heterosexual or straight,dem,black,1,
good,48,female,12,heterosexual or straight,dem,white,1,
good,53,female,13,heterosexual or straight,rep,white,1,16250.0
good,29,male,11,heterosexual or straight,dem,black,0,
good,46,female,11,heterosexual or straight,dem,black,0,11250.0
poor,83,female,11,heterosexual or straight,dem,white,1,
fair,25,female,14,heterosexual or straight,rep,white,0,7500.0
excellent,43,female,12,heterosexual or straight,dem,white,1,
good,43,male,12,heterosexual or straight,other,white,1,16250.0
good,35,female,12,heterosexual or straight,other,white,1,
excellent,67,female,14,heterosexual or straight,rep,white,1,
fair,88,female,12,heterosexual or straight,dem,white,1,
fair,54,female,11,heterosexual or straight,rep,white,1,
good,41,female,14,heterosexual or straight,other,white,1,16250.0
fair,46,male,12,heterosexual or straight,dem,white,1,18750.0
good,54,female,12,heterosexual or straight,other,white,1,
excellent,34,female,14,heterosexual or straight,dem,white,1,13750.0
excellent,36,female,12,heterosexual or straight,other,white,1,
good,65,male,16,heterosexual or straight,dem,white,1,18750.0
excellent,48,female,16,heterosexual or straight,dem,white,1,16250.0
fair,30,male,14,heterosexual or straight,dem,white,0,4500.0
excellent,48,female,18,heterosexual or straight,rep,white,1,9000.0
good,49,female,12,heterosexual or straight,rep,white,1,18750.0
good,54,male,16,heterosexual or straight,dem,white,1,18750.0
good,49,male,16,heterosexual or straight,rep,white,1,18750.0
good,54,male,12,heterosexual or straight,rep,white,1,18750.0
good,62,male,12,heterosexual or straight,rep,white,1,18750.0
fair,75,female,14,heterosexual or straight,rep,white,1,
good,89,female,14,heterosexual or straight,rep,white,1,
good,56,male,12,heterosexual or straight,other,white,1,18750.0
excellent,24,male,14,heterosexual or straight,dem,white,0,11250.0
fair,27,male,13,heterosexual or straight,dem,white,0,18750.0
good,71,female,12,heterosexual or straight,rep,white,1,16250.0
